-- phpMyAdmin SQL Dump
-- version 4.9.2
-- https://www.phpmyadmin.net/
--
-- Máy chủ: 127.0.0.1:3306
-- Thời gian đã tạo: Th12 28, 2020 lúc 02:38 PM
-- Phiên bản máy phục vụ: 10.4.10-MariaDB
-- Phiên bản PHP: 7.3.12

SET SQL_MODE = "NO_AUTO_VALUE_ON_ZERO";
SET AUTOCOMMIT = 0;
START TRANSACTION;
SET time_zone = "+00:00";


/*!40101 SET @OLD_CHARACTER_SET_CLIENT=@@CHARACTER_SET_CLIENT */;
/*!40101 SET @OLD_CHARACTER_SET_RESULTS=@@CHARACTER_SET_RESULTS */;
/*!40101 SET @OLD_COLLATION_CONNECTION=@@COLLATION_CONNECTION */;
/*!40101 SET NAMES utf8mb4 */;

--
-- Cơ sở dữ liệu: `elearning`
--

-- --------------------------------------------------------

--
-- Cấu trúc bảng cho bảng `admin`
--

DROP TABLE IF EXISTS `admin`;
CREATE TABLE IF NOT EXISTS `admin` (
  `id` int(20) NOT NULL,
  `username` varchar(50) NOT NULL,
  `password` varchar(50) NOT NULL,
  `email` int(11) NOT NULL,
  `name` varchar(25) NOT NULL,
  `phone` varchar(20) NOT NULL,
  `address` varchar(50) NOT NULL,
  `status` tinyint(4) NOT NULL,
  `create_at` timestamp NOT NULL DEFAULT current_timestamp() ON UPDATE current_timestamp(),
  `updated_at` timestamp NOT NULL DEFAULT '0000-00-00 00:00:00',
  PRIMARY KEY (`id`)
) ENGINE=MyISAM DEFAULT CHARSET=utf8;

--
-- Đang đổ dữ liệu cho bảng `admin`
--

INSERT INTO `admin` (`id`, `username`, `password`, `email`, `name`, `phone`, `address`, `status`, `create_at`, `updated_at`) VALUES
(2, 'dat@gmail.com', '123456', 1, 'Tiến Đạt', '111', 'Hà Nội', 1, '2020-11-18 04:16:01', '0000-00-00 00:00:00');

-- --------------------------------------------------------

--
-- Cấu trúc bảng cho bảng `baihoc`
--

DROP TABLE IF EXISTS `baihoc`;
CREATE TABLE IF NOT EXISTS `baihoc` (
  `id` int(10) UNSIGNED NOT NULL AUTO_INCREMENT,
  `Admin_id_add` bigint(20) UNSIGNED DEFAULT NULL,
  `name` varchar(255) COLLATE utf8mb4_unicode_ci NOT NULL,
  `sort` int(50) NOT NULL,
  `status` varchar(10) COLLATE utf8mb4_unicode_ci NOT NULL,
  `description` varchar(512) COLLATE utf8mb4_unicode_ci DEFAULT NULL,
  `search` text COLLATE utf8mb4_unicode_ci DEFAULT NULL,
  `courses_id` varchar(20) COLLATE utf8mb4_unicode_ci DEFAULT NULL,
  `video_file` text COLLATE utf8mb4_unicode_ci DEFAULT NULL,
  `file` text COLLATE utf8mb4_unicode_ci DEFAULT NULL,
  `chapter_id` varchar(20) COLLATE utf8mb4_unicode_ci DEFAULT NULL,
  `remember_token` varchar(100) COLLATE utf8mb4_unicode_ci DEFAULT NULL,
  `created_at` timestamp NULL DEFAULT NULL,
  `updated_at` timestamp NULL DEFAULT NULL,
  PRIMARY KEY (`id`),
  KEY `Admin_id_add` (`Admin_id_add`),
  KEY `courses_id` (`courses_id`)
) ENGINE=MyISAM AUTO_INCREMENT=221 DEFAULT CHARSET=utf8mb4 COLLATE=utf8mb4_unicode_ci;

--
-- Đang đổ dữ liệu cho bảng `baihoc`
--

INSERT INTO `baihoc` (`id`, `Admin_id_add`, `name`, `sort`, `status`, `description`, `search`, `courses_id`, `video_file`, `file`, `chapter_id`, `remember_token`, `created_at`, `updated_at`) VALUES
(10, NULL, 'Bài 7: Ôn lại về tay phải và tay trái trong guitar', 7, '1', NULL, NULL, '1002', NULL, NULL, '1', NULL, '2020-11-15 08:51:59', '2020-11-15 08:51:59'),
(34, NULL, 'Bài 18: Thực hành Disco (Palm) với “Tìm lại”', 18, '1', NULL, NULL, '1002', NULL, NULL, '2', NULL, '2020-11-15 08:59:04', '2020-11-15 08:59:04'),
(5, NULL, 'Bài 2: Yêu cầu để học giáo trình guitar nâng cao', 2, '1', NULL, NULL, '1002', NULL, NULL, '1', NULL, '2020-11-15 08:51:59', '2020-11-15 08:51:59'),
(6, NULL, 'Bài 3: Ôn lại một số kiến thức về âm giai', 3, '1', NULL, NULL, '1002', NULL, NULL, '1', NULL, '2020-11-15 08:51:59', '2020-11-15 08:51:59'),
(7, NULL, 'Bài 4: Xác định hợp âm chủ cho bài hát thế nào?', 4, '1', NULL, NULL, '1002', NULL, NULL, '1', NULL, '2020-11-15 08:51:59', '2020-11-15 08:51:59'),
(8, NULL, 'Bài 5: Xác định hòa thanh cho bài hát thế nào?', 5, '1', NULL, NULL, '1002', NULL, NULL, '1', NULL, '2020-11-15 08:51:59', '2020-11-15 08:51:59'),
(9, NULL, 'Bài 6: Xác định nhịp cho bài hát thế nào?', 6, '1', NULL, NULL, '1002', NULL, NULL, '1', NULL, '2020-11-15 08:51:59', '2020-11-15 08:51:59'),
(4, NULL, 'Bài 1: Mở đầu giáo trình, tổng quan giáo trình', 1, '1', 'chương học cơ bản', NULL, '1002', NULL, NULL, '1', NULL, '2020-11-15 08:51:59', '2020-11-15 08:51:59'),
(33, NULL, 'Bài 17: Áp dụng Palm trong Disco', 17, '1', NULL, NULL, '1002', NULL, NULL, '2', NULL, '2020-11-15 08:59:04', '2020-11-15 08:59:04'),
(32, NULL, 'Bài 16: Thực hành Ballad (Palm) vào “Bâng khuâng” - Justa Tee (Palm kép)', 16, '1', NULL, NULL, '1002', NULL, NULL, '2', NULL, '2020-11-15 08:59:04', '2020-11-15 08:59:04'),
(31, NULL, 'Bài 15: Thực hành Ballad (Palm) vào “Ông bà anh” - Lê Thiện Hiếu', 15, '1', NULL, NULL, '1002', NULL, NULL, '2', NULL, '2020-11-15 08:59:04', '2020-11-15 08:59:04'),
(95, NULL, 'Bài 53: Khóa học kết thúc', 53, '1', NULL, NULL, '1002', NULL, NULL, '4', NULL, '2020-12-14 01:55:34', '2020-12-14 01:55:34'),
(93, NULL, 'Bài 9: Thực hành cảm âm Đô trưởng', 9, '1', 'Hợp âm đô trưởng', NULL, '1002', NULL, NULL, '2', NULL, '2020-12-14 01:35:10', '2020-12-14 01:35:10'),
(29, NULL, 'Bài 13: Thực hành Ballad (Palm) vào “Dù có cách xa” - Đinh Mạnh Ninh', 13, '1', NULL, NULL, '1002', NULL, NULL, '2', NULL, '2020-11-15 08:59:04', '2020-11-15 08:59:04'),
(28, NULL, 'Bài 12: Áp dụng Palm và Slap vào Ballad (phần 4) - hẫng phách 3, palm kép', 12, '1', NULL, NULL, '1002', NULL, NULL, '2', NULL, '2020-11-15 08:59:04', '2020-11-15 08:59:04'),
(27, NULL, 'Bài 11: Áp dụng Palm và Slap vào Ballad (phần 3)', 11, '1', NULL, NULL, '1002', NULL, NULL, '2', NULL, '2020-11-15 08:59:04', '2020-11-15 08:59:04'),
(26, NULL, 'Bài 10: Áp dụng Palm và Slap vào Ballad (Surf Metal) (phần 2)', 10, '1', NULL, NULL, '1002', NULL, NULL, '2', NULL, '2020-11-15 08:59:04', '2020-11-15 08:59:04'),
(208, NULL, 'Bài 21: Hallelujah với Em và hòa âm dài không cố định', 21, '1', NULL, NULL, '1001', NULL, NULL, '6', NULL, '2020-12-15 02:29:38', '2020-12-15 02:29:38'),
(24, NULL, 'Bài 8: Palm là gì, Nail attack là gì, Slap là gì ?', 8, '1', NULL, NULL, '1002', NULL, NULL, '2', NULL, '2020-11-15 08:59:04', '2020-11-15 08:59:04'),
(35, NULL, 'Bài 19: Thực hành Disco (Palm) với “Tình yêu màu nắng” - Đoàn Thúy Trang', 19, '1', NULL, NULL, '1002', NULL, NULL, '2', NULL, '2020-11-15 08:59:04', '2020-11-15 08:59:04'),
(36, NULL, 'Bài 20: Slow, Valse, Boston có áp dụng Palm được không?', 20, '1', NULL, NULL, '1002', NULL, NULL, '2', NULL, '2020-11-15 08:59:04', '2020-11-15 08:59:04'),
(37, NULL, 'Bài 21: Tổng quan về hợp âm', 21, '1', NULL, NULL, '1002', NULL, NULL, '3', NULL, '2020-11-15 09:00:11', '2020-11-15 09:00:11'),
(38, NULL, 'Bài 22: Cách sử dụng hợp âm 7', 22, '1', NULL, NULL, '1002', NULL, NULL, '3', NULL, '2020-11-15 09:00:11', '2020-11-15 09:00:11'),
(39, NULL, 'Bài 23: Áp dụng hợp âm 7 với “Chiều nay không có mưa bay”', 23, '1', NULL, NULL, '1002', NULL, NULL, '3', NULL, '2020-11-15 09:00:11', '2020-11-15 09:00:11'),
(40, NULL, 'Bài 24: Cách sử dụng hợp âm Major7', 24, '1', NULL, NULL, '1002', NULL, NULL, '3', NULL, '2020-11-15 09:00:11', '2020-11-15 09:00:11'),
(41, NULL, 'Bài 25: Áp dụng Major7 với “Trót yêu” - Trung Quân', 25, '1', NULL, NULL, '1002', NULL, NULL, '3', NULL, '2020-11-15 09:00:11', '2020-11-15 09:00:11'),
(42, NULL, 'Bài 26: Cách sử dụng hợp âm sus4', 26, '1', NULL, NULL, '1002', NULL, NULL, '3', NULL, '2020-11-15 09:00:11', '2020-11-15 09:00:11'),
(43, NULL, 'Bài 27: Áp dụng sus4 với Mưa hồng - Trịnh Công Sơn', 27, '1', NULL, NULL, '1002', NULL, NULL, '3', NULL, '2020-11-15 09:00:11', '2020-11-15 09:00:11'),
(44, NULL, 'Bài 28: Cách sử dụng hợp âm sus2', 28, '1', NULL, NULL, '1002', NULL, NULL, '3', NULL, '2020-11-15 09:00:11', '2020-11-15 09:00:11'),
(45, NULL, 'Bài 29: Áp dung Sus2 với Nơi ấy - Hà Okio', 29, '1', NULL, NULL, '1002', NULL, NULL, '3', NULL, '2020-11-15 09:00:11', '2020-11-15 09:00:11'),
(46, NULL, 'Bài 30: Hợp âm Power', 30, '1', NULL, NULL, '1002', NULL, NULL, '3', NULL, '2020-11-15 09:00:11', '2020-11-15 09:00:11'),
(47, NULL, 'Bài 31: Áp dụng hợp âm power với Bay - Thu Minh', 31, '1', NULL, NULL, '1002', NULL, NULL, '3', NULL, '2020-11-15 09:00:11', '2020-11-15 09:00:11'),
(48, NULL, 'Bài 32: Áp dụng hợp âm power với Tóc hát - Đoan Trang', 32, '1', NULL, NULL, '1002', NULL, NULL, '3', NULL, '2020-11-15 09:00:11', '2020-11-15 09:00:11'),
(49, NULL, 'Bài 33: Tay phải trong guitar', 33, '1', NULL, NULL, '1002', NULL, NULL, '3', NULL, '2020-11-15 09:00:11', '2020-11-15 09:00:11'),
(50, NULL, 'Bài 34: Tỉa ballad nâng cao như thế nào', 34, '1', NULL, NULL, '1002', NULL, NULL, '3', NULL, '2020-11-15 09:00:11', '2020-11-15 09:00:11'),
(51, NULL, 'Bài 35: Áp dụng tỉa ballad nâng cao với “Người và ta”', 35, '1', NULL, NULL, '1002', NULL, NULL, '3', NULL, '2020-11-15 09:00:11', '2020-11-15 09:00:11'),
(52, NULL, 'Bài 36: Những cách quạt ballad nâng cao', 36, '1', NULL, NULL, '1002', NULL, NULL, '3', NULL, '2020-11-15 09:00:11', '2020-11-15 09:00:11'),
(53, NULL, 'Bài 37: Áp dụng Ballad nâng cao với “Em sẽ là giấc mơ”', 37, '1', NULL, NULL, '1002', NULL, NULL, '3', NULL, '2020-11-15 09:00:11', '2020-11-15 09:00:11'),
(54, NULL, 'Bài 38: Áp dụng Ballad nâng cao với “Bất chợt mình tình yêu”', 38, '1', NULL, NULL, '1002', NULL, NULL, '3', NULL, '2020-11-15 09:00:11', '2020-11-15 09:00:11'),
(55, NULL, 'Bài 39: Điệu Slow và những cách rải khác', 39, '1', NULL, NULL, '1002', NULL, NULL, '3', NULL, '2020-11-15 09:00:11', '2020-11-15 09:00:11'),
(56, NULL, 'Bài 40: Điệu Slow và những cách strumming khác', 40, '1', NULL, NULL, '1002', NULL, NULL, '3', NULL, '2020-11-15 09:00:11', '2020-11-15 09:00:11'),
(57, NULL, 'Bài 41: Áp dụng Slow với “Bông hồng thủy tinh” - Bức Tường', 41, '1', NULL, NULL, '1002', NULL, NULL, '3', NULL, '2020-11-15 09:00:11', '2020-11-15 09:00:11'),
(58, NULL, 'Bài 42: Hãy dùng kỹ thuật harmonic', 42, '1', NULL, NULL, '1002', NULL, NULL, '4', NULL, '2020-11-15 09:01:05', '2020-11-15 09:01:05'),
(59, NULL, 'Bài 43: Hãy học fingerstyle - áp dụng với tạo intro', 43, '1', NULL, NULL, '1002', NULL, NULL, '4', NULL, '2020-11-15 09:01:05', '2020-11-15 09:01:05'),
(60, NULL, 'Bài 44: Những cách để tạo intro', 44, '1', NULL, NULL, '1002', NULL, NULL, '4', NULL, '2020-11-15 09:01:05', '2020-11-15 09:01:05'),
(61, NULL, 'Bài 45: Thực hành: “Đồng thoại - Tong Hua” có những cách tạo intro nào?', 45, '1', NULL, NULL, '1002', NULL, NULL, '4', NULL, '2020-11-15 09:01:05', '2020-11-15 09:01:05'),
(62, NULL, 'Bài 46: Chuyển từ verse (đoạn đầu hát) sang điệp khúc như thế nào?', 46, '1', NULL, NULL, '1002', NULL, NULL, '4', NULL, '2020-11-15 09:01:05', '2020-11-15 09:01:05'),
(63, NULL, 'Bài 47: Có những cách nào để dồn nhịp trong guitar?', 47, '1', NULL, NULL, '1002', NULL, NULL, '4', NULL, '2020-11-15 09:01:05', '2020-11-15 09:01:05'),
(64, NULL, 'Bài 48: Hợp âm với bass khác, và cách dùng', 48, '1', NULL, NULL, '1002', NULL, NULL, '4', NULL, '2020-11-15 09:01:05', '2020-11-15 09:01:05'),
(65, NULL, 'Bài 49: Hãy dùng móng (pick) khi chơi guitar', 49, '1', NULL, NULL, '1002', NULL, NULL, '4', NULL, '2020-11-15 09:01:05', '2020-11-15 09:01:05'),
(66, NULL, 'Bài 50: Học thêm về lead, solo, bước đầu với pentatonic (ngũ cung)', 50, '1', NULL, NULL, '1002', NULL, NULL, '4', NULL, '2020-11-15 09:01:05', '2020-11-15 09:01:05'),
(67, NULL, 'Bài 51: Hợp âm mở (open chords)', 51, '1', NULL, NULL, '1002', NULL, NULL, '4', NULL, '2020-11-15 09:01:05', '2020-11-15 09:01:05'),
(68, NULL, 'Bài 52: Thực hành: Hợp âm mở với “Ba kể con nghe” - Nguyễn Hải Phong', 52, '1', NULL, NULL, '1002', NULL, NULL, '4', NULL, '2020-11-15 09:01:05', '2020-11-15 09:01:05'),
(207, NULL, 'Bài 20: Tuổi hồng thơ ngây với Am và G7, tập làm quen với rải dây', 20, '1', NULL, NULL, '1001', NULL, NULL, '6', NULL, '2020-12-15 02:29:38', '2020-12-15 02:29:38'),
(209, NULL, 'Bài 22: Tổng kết phần 2', 22, '1', NULL, NULL, '1001', NULL, NULL, '6', NULL, '2020-12-15 02:29:38', '2020-12-15 02:29:38'),
(206, NULL, 'Bài 19: Chúc bé ngủ ngon và hợp âm Dm, tập chia đôi hợp âm và chuyển bốn hợp âm nhanh hơn', 19, '1', NULL, NULL, '1001', NULL, NULL, '6', NULL, '2020-12-15 02:29:38', '2020-12-15 02:29:38'),
(205, NULL, 'Bài 18: Happy Birthday và C G F, tập chuyển ba hợp âm cơ bản', 18, '1', NULL, NULL, '1001', NULL, NULL, '6', NULL, '2020-12-15 02:29:38', '2020-12-15 02:29:38'),
(204, NULL, 'Bài 17: Hooray Hooray với C và G, tập chuyển hai hợp âm cơ bản', 17, '1', NULL, NULL, '1001', NULL, NULL, '6', NULL, '2020-12-15 02:29:38', '2020-12-15 02:29:38'),
(203, NULL, 'Bài 16: Cách tìm hợp âm trên mạng', 16, '1', NULL, NULL, '1001', NULL, NULL, '6', NULL, '2020-12-15 02:29:38', '2020-12-15 02:29:38'),
(201, NULL, 'Bài 14: Giới thiệu phần 2', 14, '1', 'nguyễn tiến đạt', NULL, '1001', NULL, NULL, '6', NULL, '2020-12-15 02:29:38', '2020-12-15 02:29:38'),
(202, NULL, 'Bài 15: Cách lấy giáo trình giấy', 15, '1', NULL, NULL, '1001', NULL, NULL, '6', NULL, '2020-12-15 02:29:38', '2020-12-15 02:29:38'),
(116, NULL, 'Bài 1: Guitar đệm hát là gì? Làm quen với nhịp phách', 1, '1', 'Nhịp phách rất quan trọng với những người mới tậpaa', NULL, '1001', '4EVT2VNMcpA', NULL, '5', NULL, '2020-12-15 02:20:33', '2020-12-15 02:20:33'),
(117, NULL, 'Bài 2: Làm thế nào để mua một cây Guitar tốt?', 2, '1', NULL, NULL, '1001', '0MtCQi-9SAM', NULL, '5', NULL, '2020-12-15 02:20:33', '2020-12-15 02:20:33'),
(118, NULL, 'Bài 3: Các phụ kiện đi kèm với Guitar. Nên chơi bằng móng ( Pick ) hay bằng tay?', 3, '1', 'Bài học rất quan trọng', NULL, '1001', '3g06dUrnsn4', NULL, '5', NULL, '2020-12-15 02:20:33', '2020-12-15 02:20:33'),
(119, NULL, 'Bài 4: Thay dây, lên dây và cách bảo quản', 4, '1', NULL, NULL, '1001', 'JNg0pMjmNJ4', NULL, '5', NULL, '2020-12-15 02:20:33', '2020-12-15 02:20:33'),
(120, NULL, 'Bài 5: Cách đọc tọa độ hợp âm và tiết tấu điệu, các từ ngữ chuyên môn trong guitar', 5, '1', NULL, NULL, '1001', '4EVT2VNMcpA', NULL, '5', NULL, '2020-12-15 02:20:33', '2020-12-15 02:20:33'),
(121, NULL, 'Bài 6: Những lưu ý trong khóa học', 6, '1', 'lưu ý trong khóa học cực kì quan trọng với những người mới tập', NULL, '1001', NULL, NULL, '5', NULL, '2020-12-15 02:20:33', '2020-12-15 02:20:33'),
(122, NULL, 'Bài 7: 7 Hợp âm Trưởng cơ bản', 7, '1', NULL, NULL, '1001', NULL, NULL, '5', NULL, '2020-12-15 02:20:33', '2020-12-15 02:20:33'),
(123, NULL, 'Bài 8: 7 Hợp âm thứ cơ bản', 8, '1', NULL, NULL, '1001', NULL, NULL, '5', NULL, '2020-12-15 02:20:33', '2020-12-15 02:20:33'),
(124, NULL, 'Bài 9: 7 hợp âm 7 cơ bản', 9, '1', NULL, NULL, '1001', NULL, NULL, '5', NULL, '2020-12-15 02:20:33', '2020-12-15 02:20:33'),
(125, NULL, 'Bài 10: Quạt sao cho chuẩn?', 10, '1', NULL, NULL, '1001', NULL, NULL, '5', NULL, '2020-12-15 02:20:33', '2020-12-15 02:20:33'),
(126, NULL, 'Bài 11: Rải sao cho chuẩn và bài tập luyện', 11, '1', NULL, NULL, '1001', NULL, NULL, '5', NULL, '2020-12-15 02:20:33', '2020-12-15 02:20:33'),
(127, NULL, 'Bài 12: Làm thế nào để vừa đàn vừa hát?', 12, '1', NULL, NULL, '1001', NULL, NULL, '5', NULL, '2020-12-15 02:20:33', '2020-12-15 02:20:33'),
(128, NULL, 'Bài 13: Thế nào là đủ kiến thức cơ bản, thế nào gọi là bài dễ, bài trung bình, bài khó?', 13, '1', NULL, NULL, '1001', NULL, NULL, '5', NULL, '2020-12-15 02:20:33', '2020-12-15 02:20:33'),
(129, NULL, 'Bài 23: Giới thiệu phần 3', 23, '1', NULL, NULL, '1001', NULL, NULL, '7', NULL, '2020-12-15 02:22:39', '2020-12-15 02:22:39'),
(130, NULL, 'Bài 24: Giới thiệu điệu Surf chậm', 24, '1', NULL, NULL, '1001', NULL, NULL, '7', NULL, '2020-12-15 02:22:39', '2020-12-15 02:22:39'),
(131, NULL, 'Bài 25: Tập rải Surf chậm với vòng G cơ bản bằng bài Remember when', 25, '1', NULL, NULL, '1001', NULL, NULL, '7', NULL, '2020-12-15 02:22:39', '2020-12-15 02:22:39'),
(132, NULL, 'Bài 26: Tập thêm với Bèo Dạt Mây Trôi', 26, '1', NULL, NULL, '1001', NULL, NULL, '7', NULL, '2020-12-15 02:22:39', '2020-12-15 02:22:39'),
(133, NULL, 'Bài 27: Hợp âm chặn đầu tiên và làm thế nào để chơi chuẩn', 27, '1', NULL, NULL, '1001', NULL, NULL, '7', NULL, '2020-12-15 02:22:39', '2020-12-15 02:22:39'),
(134, NULL, 'Bài 28: Tập thêm F chặn với bài Tôi thấy hoa vàng trên cỏ xanh', 28, '1', NULL, NULL, '1001', NULL, NULL, '7', NULL, '2020-12-15 02:22:39', '2020-12-15 02:22:39'),
(135, NULL, 'Bài 29: Tập thêm với bài Hòn đá cô đơn và làm quen với vòng thần thánh Canon C', 29, '1', NULL, NULL, '1001', NULL, NULL, '7', NULL, '2020-12-15 02:22:39', '2020-12-15 02:22:39'),
(136, NULL, 'Bài 30: Làm quen với hợp âm A và Asus4 bằng bài Tháng tư là lời nói dối của em', 30, '1', NULL, NULL, '1001', NULL, NULL, '7', NULL, '2020-12-15 02:22:39', '2020-12-15 02:22:39'),
(137, NULL, 'Bài 31: Làm quen với hợp âm chặn thứ nhất (F) và tập quạt chả với bài Forever', 31, '1', NULL, NULL, '1001', NULL, NULL, '7', NULL, '2020-12-15 02:22:39', '2020-12-15 02:22:39'),
(138, NULL, 'Bài 32: Tập chuyển từ rải sang quạt trôi chảy với bài Anh thương em nhất mà', 32, '1', NULL, NULL, '1001', NULL, NULL, '7', NULL, '2020-12-15 02:22:39', '2020-12-15 02:22:39'),
(139, NULL, 'Bài 33: Tập trên tông khó hơn - tông D với bài Đông kiếm em', 33, '1', NULL, NULL, '1001', NULL, NULL, '7', NULL, '2020-12-15 02:22:39', '2020-12-15 02:22:39'),
(140, NULL, 'Bài 34: Giới thiệu điệu Surf nhanh và bài Forever alone', 34, '1', NULL, NULL, '1001', NULL, NULL, '7', NULL, '2020-12-15 02:22:39', '2020-12-15 02:22:39'),
(141, NULL, 'Bài 35: Tập thêm với hòa âm dài không cố định và thay đổi cảm xúc nhạc với Cô bé mùa đông', 35, '1', NULL, NULL, '1001', NULL, NULL, '7', NULL, '2020-12-15 02:22:39', '2020-12-15 02:22:39'),
(142, NULL, 'Bài 36: Tập rải Surf nhanh hay hơn với bài Con điên', 36, '1', NULL, NULL, '1001', NULL, NULL, '7', NULL, '2020-12-15 02:22:39', '2020-12-15 02:22:39'),
(143, NULL, 'Bài 37: Tập chơi nhạc nhẹ nhàng nhưng áp dụng vào điệu surf nhanh với bài Có chàng trai viết lên cây', 37, '1', NULL, NULL, '1001', NULL, NULL, '7', NULL, '2020-12-15 02:22:39', '2020-12-15 02:22:39'),
(144, NULL, 'Bài 38: Tập thêm với bài Có khi nào rời xa', 38, '1', NULL, NULL, '1001', NULL, NULL, '7', NULL, '2020-12-15 02:22:39', '2020-12-15 02:22:39'),
(145, NULL, 'Bài 39: Tập trên tông F với bài Người tình mùa đông', 39, '1', NULL, NULL, '1001', NULL, NULL, '7', NULL, '2020-12-15 02:22:39', '2020-12-15 02:22:39'),
(146, NULL, 'Bài 40: Tập thay đổi điệu Surf nhanh nghe hay hơn với bài Người ấy', 40, '1', NULL, NULL, '1001', NULL, NULL, '7', NULL, '2020-12-15 02:22:39', '2020-12-15 02:22:39'),
(147, NULL, 'Bài 41: Tập thêm với bài Và tôi cũng yêu em', 41, '1', NULL, NULL, '1001', NULL, NULL, '7', NULL, '2020-12-15 02:22:39', '2020-12-15 02:22:39'),
(148, NULL, 'Bài 42: Làm quen với hợp âm chặn thứ hai (Bm) và tập chuyển vòng D với bài Demon', 42, '1', NULL, NULL, '1001', NULL, NULL, '7', NULL, '2020-12-15 02:22:39', '2020-12-15 02:22:39'),
(149, NULL, 'Bài 43: Làm quen với hợp âm chặn thứ ba và bốn (Bb) (Gm) với Đêm nằm mơ phố', 43, '1', NULL, NULL, '1001', NULL, NULL, '7', NULL, '2020-12-15 02:22:39', '2020-12-15 02:22:39'),
(150, NULL, 'Bài 44: Tổng kết phần 3', 44, '1', NULL, NULL, '1001', NULL, NULL, '7', NULL, '2020-12-15 02:22:39', '2020-12-15 02:22:39'),
(151, NULL, 'Bài 45: Giới thiệu phần 4', 45, '1', NULL, NULL, '1001', NULL, NULL, '8', NULL, '2020-12-15 02:23:29', '2020-12-15 02:23:29'),
(152, NULL, 'Bài 46: Giới thiệu điệu Disco', 46, '1', NULL, NULL, '1001', NULL, NULL, '8', NULL, '2020-12-15 02:23:29', '2020-12-15 02:23:29'),
(153, NULL, 'Bài 47: Làm quen với hợp âm màu ( Dm7 và G/B ) và tập chặt Disco với Anh không đòi quà', 47, '1', NULL, NULL, '1001', NULL, NULL, '8', NULL, '2020-12-15 02:23:29', '2020-12-15 02:23:29'),
(154, NULL, 'Bài 48: Tập đánh chuyển hợp âm cực nhanh với Grenade', 48, '1', NULL, NULL, '1001', NULL, NULL, '8', NULL, '2020-12-15 02:23:29', '2020-12-15 02:23:29'),
(155, NULL, 'Bài 49: Giới thiệu điệu Blue', 49, '1', NULL, NULL, '1001', NULL, NULL, '8', NULL, '2020-12-15 02:23:29', '2020-12-15 02:23:29'),
(156, NULL, 'Bài 50: Tập rải và quạt với bài Một nhà', 50, '1', NULL, NULL, '1001', NULL, NULL, '8', NULL, '2020-12-15 02:23:29', '2020-12-15 02:23:29'),
(157, NULL, 'Bài 51: Tập quạt và rải thêm với Just the way you are', 51, '1', NULL, NULL, '1001', NULL, NULL, '8', NULL, '2020-12-15 02:23:29', '2020-12-15 02:23:29'),
(158, NULL, 'Bài 52: Tập hợp âm màu với bài Ba kể con nghe', 52, '1', NULL, NULL, '1001', NULL, NULL, '8', NULL, '2020-12-15 02:23:29', '2020-12-15 02:23:29'),
(159, NULL, 'Bài 53: Tập chia đôi với bài Tình thôi xót xa', 53, '1', NULL, NULL, '1001', NULL, NULL, '8', NULL, '2020-12-15 02:23:29', '2020-12-15 02:23:29'),
(160, NULL, 'Bài 54: Tập thêm với bài Là con gái thật tuyệt', 54, '1', NULL, NULL, '1001', NULL, NULL, '8', NULL, '2020-12-15 02:23:29', '2020-12-15 02:23:29'),
(161, NULL, 'Bài 55: Tập thêm với Gót hồng', 55, '1', NULL, NULL, '1001', NULL, NULL, '8', NULL, '2020-12-15 02:23:29', '2020-12-15 02:23:29'),
(162, NULL, 'Bài 56: Làm thế nào để đánh các hợp âm thế cao ( Eb, Ab, C#..v..v.. ) và áp dụng vào bài Vợ Người Ta', 56, '1', NULL, NULL, '1001', NULL, NULL, '8', NULL, '2020-12-15 02:23:29', '2020-12-15 02:23:29'),
(163, NULL, 'Bài 57: Tập trên tông Em với bài Trái tim em cũng biết đau', 57, '1', NULL, NULL, '1001', NULL, NULL, '8', NULL, '2020-12-15 02:23:29', '2020-12-15 02:23:29'),
(164, NULL, 'Bài 58: Tập thêm với bài Mùa mưa ngâu nằm cạnh', 58, '1', NULL, NULL, '1001', NULL, NULL, '8', NULL, '2020-12-15 02:23:29', '2020-12-15 02:23:29'),
(165, NULL, 'Bài 59: Tập kết hợp rải Blue và quạt Ballad trong bài Đã lỡ yêu em nhiều', 59, '1', NULL, NULL, '1001', NULL, NULL, '8', NULL, '2020-12-15 02:23:29', '2020-12-15 02:23:29'),
(166, NULL, 'Bài 60: Tập điệu lạ trong bài Cũng đành thôi', 60, '1', NULL, NULL, '1001', NULL, NULL, '8', NULL, '2020-12-15 02:23:29', '2020-12-15 02:23:29'),
(167, NULL, 'Bài 61: Tập đổ Bass trong bài Chưa bao giờ', 61, '1', NULL, NULL, '1001', NULL, NULL, '8', NULL, '2020-12-15 02:23:29', '2020-12-15 02:23:29'),
(168, NULL, 'Bài 62: Tập chơi bài hát trên tông E với bài Mưa trên cuộc tình', 62, '1', NULL, NULL, '1001', NULL, NULL, '8', NULL, '2020-12-15 02:23:29', '2020-12-15 02:23:29'),
(169, NULL, 'Bài 63: Tập chia đôi thêm với bài Phút ban đầu', 63, '1', NULL, NULL, '1001', NULL, NULL, '8', NULL, '2020-12-15 02:23:29', '2020-12-15 02:23:29'),
(170, NULL, 'Bài 64: Giới thiệu điệu Ballad', 64, '1', NULL, NULL, '1001', NULL, NULL, '8', NULL, '2020-12-15 02:23:29', '2020-12-15 02:23:29'),
(171, NULL, 'Bài 65: Tập kết hợp điệu Surf với ballad trong bài Tìm', 65, '1', NULL, NULL, '1001', NULL, NULL, '8', NULL, '2020-12-15 02:23:29', '2020-12-15 02:23:29'),
(172, NULL, 'Bài 66: Tập chơi ballad và tìm hợp âm thế cao với Price Tag', 66, '1', NULL, NULL, '1001', NULL, NULL, '8', NULL, '2020-12-15 02:23:29', '2020-12-15 02:23:29'),
(173, NULL, 'Bài 67: Báo là gì? Có tác dụng gì trong chơi đệm hát?', 67, '1', NULL, NULL, '1001', NULL, NULL, '8', NULL, '2020-12-15 02:23:29', '2020-12-15 02:23:29'),
(174, NULL, 'Bài 68: Tập báo với bài Nồng nàn Hà Nội', 68, '1', NULL, NULL, '1001', NULL, NULL, '8', NULL, '2020-12-15 02:23:29', '2020-12-15 02:23:29'),
(175, NULL, 'Bài 69: Tập chia đôi Ballad với Để em rời xa', 69, '1', NULL, NULL, '1001', NULL, NULL, '8', NULL, '2020-12-15 02:23:29', '2020-12-15 02:23:29'),
(176, NULL, 'Bài 70: Tập điệu fox kết hợp với đập tay vào dây cùng bài Anh nhà ở đâu thế', 70, '1', NULL, NULL, '1001', NULL, NULL, '8', NULL, '2020-12-15 02:23:29', '2020-12-15 02:23:29'),
(177, NULL, 'Bài 71: Tập thêm với bài Thắc mắc', 71, '1', NULL, NULL, '1001', NULL, NULL, '8', NULL, '2020-12-15 02:23:29', '2020-12-15 02:23:29'),
(178, NULL, 'Bài 72: Tập cách kết hợp ba điệu vào một bài hát trong The day you went away', 72, '1', NULL, NULL, '1001', NULL, NULL, '8', NULL, '2020-12-15 02:23:29', '2020-12-15 02:23:29'),
(179, NULL, 'Bài 73: Tổng kết phần 4', 73, '1', NULL, NULL, '1001', NULL, NULL, '8', NULL, '2020-12-15 02:23:29', '2020-12-15 02:23:29'),
(180, NULL, 'Bài 74: Giới thiệu phần 5', 74, '1', NULL, NULL, '1001', NULL, NULL, '9', NULL, '2020-12-15 02:24:23', '2020-12-15 02:24:23'),
(181, NULL, 'Bài 75: Giới thiệu điệu Fox', 75, '1', NULL, NULL, '1001', NULL, NULL, '9', NULL, '2020-12-15 02:24:23', '2020-12-15 02:24:23'),
(182, NULL, 'Bài 76: Tập đánh tình cảm hơn với bài Đi qua mùa hạ', 76, '1', NULL, NULL, '1001', NULL, NULL, '9', NULL, '2020-12-15 02:24:23', '2020-12-15 02:24:23'),
(183, NULL, 'Bài 77: Tập đánh trên tông D với bài Phố không em', 77, '1', NULL, NULL, '1001', NULL, NULL, '9', NULL, '2020-12-15 02:24:23', '2020-12-15 02:24:23'),
(184, NULL, 'Bài 78: Tập báo từ quạt sang quạt và tập tutti với bài Yếu đuối', 78, '1', NULL, NULL, '1001', NULL, NULL, '9', NULL, '2020-12-15 02:24:23', '2020-12-15 02:24:23'),
(185, NULL, 'Bài 79: Tập chơi điệu Fox với bài I’m yours', 79, '1', NULL, NULL, '1001', NULL, NULL, '9', NULL, '2020-12-15 02:24:23', '2020-12-15 02:24:23'),
(186, NULL, 'Bài 80: Tập thêm với bài Thằng tàu lai', 80, '1', NULL, NULL, '1001', NULL, NULL, '9', NULL, '2020-12-15 02:24:23', '2020-12-15 02:24:23'),
(187, NULL, 'Bài 81: Giới thiệu điệu Bolero và bài phổ thông', 81, '1', NULL, NULL, '1001', NULL, NULL, '9', NULL, '2020-12-15 02:24:23', '2020-12-15 02:24:23'),
(188, NULL, 'Bài 82: Giới thiệu điệu Valse', 82, '1', NULL, NULL, '1001', NULL, NULL, '9', NULL, '2020-12-15 02:24:23', '2020-12-15 02:24:23'),
(189, NULL, 'Bài 83: Tập điệu Valse với bài Bụi Phấn', 83, '1', NULL, NULL, '1001', NULL, NULL, '9', NULL, '2020-12-15 02:24:23', '2020-12-15 02:24:23'),
(190, NULL, 'Bài 84: Giới thiệu điệu Slow Rock', 84, '1', NULL, NULL, '1001', NULL, NULL, '9', NULL, '2020-12-15 02:24:23', '2020-12-15 02:24:23'),
(191, NULL, 'Bài 85: Tập Slow rock với bài Chắc ai đó sẽ về', 85, '1', NULL, NULL, '1001', NULL, NULL, '9', NULL, '2020-12-15 02:24:23', '2020-12-15 02:24:23'),
(192, NULL, 'Bài 86: Tập ghép điệu Slow rock với Valse, làm quen với hợp âm đảo bass với Không còn mùa thu', 86, '1', NULL, NULL, '1001', NULL, NULL, '9', NULL, '2020-12-15 02:24:23', '2020-12-15 02:24:23'),
(193, NULL, 'Bài 87: Tổng kết phần 5', 87, '1', NULL, NULL, '1001', NULL, NULL, '9', NULL, '2020-12-15 02:24:23', '2020-12-15 02:24:23'),
(194, NULL, 'Bài 88: Giới thiệu phần 6', 88, '1', NULL, NULL, '1001', NULL, NULL, '10', NULL, '2020-12-15 02:24:54', '2020-12-15 02:24:54'),
(195, NULL, 'Bài 89: Làm thế nào để biết một bài hát là nhịp bao nhiêu và chơi điệu gì là hợp lý?', 89, '1', NULL, NULL, '1001', NULL, NULL, '10', NULL, '2020-12-15 02:24:54', '2020-12-15 02:24:54'),
(196, NULL, 'Bài 90: Làm thế nào để bắt tông cho ca sỹ không bị lệch tông?', 90, '1', NULL, NULL, '1001', NULL, NULL, '10', NULL, '2020-12-15 02:24:54', '2020-12-15 02:24:54'),
(197, NULL, 'Bài 91: Làm thế nào để đánh intro và outro?', 91, '1', NULL, NULL, '1001', NULL, NULL, '10', NULL, '2020-12-15 02:24:54', '2020-12-15 02:24:54'),
(198, NULL, 'Bài 92: Các bài tốt nghiệp', 92, '1', NULL, NULL, '1001', NULL, NULL, '10', NULL, '2020-12-15 02:24:54', '2020-12-15 02:24:54'),
(199, NULL, 'Bài 93: Làm thế nào để search được hợp âm chuẩn?', 93, '1', NULL, NULL, '1001', NULL, NULL, '10', NULL, '2020-12-15 02:24:54', '2020-12-15 02:24:54'),
(200, NULL, 'Bài 94: Tổng kết phần 6', 94, '1', NULL, NULL, '1001', NULL, NULL, '10', NULL, '2020-12-15 02:24:54', '2020-12-15 02:24:54'),
(213, NULL, 'Bài 1: Mở đầu giáo trình, tổng quan giáo trình', 1, '1', NULL, NULL, '1005', NULL, NULL, '12', NULL, '2020-12-17 22:19:23', '2020-12-17 22:19:23'),
(211, NULL, 'Bài 2', 2, '1', NULL, NULL, '1005', NULL, NULL, '13', NULL, '2020-12-17 22:16:58', '2020-12-17 22:16:58'),
(214, NULL, 'Bài 1: Mở đầu giáo trình, tổng quan giáo trình', 1, '1', NULL, NULL, '1036', NULL, NULL, '15', NULL, '2020-12-18 20:40:20', '2020-12-18 20:40:20');

-- --------------------------------------------------------

--
-- Cấu trúc bảng cho bảng `banner`
--

DROP TABLE IF EXISTS `banner`;
CREATE TABLE IF NOT EXISTS `banner` (
  `id` int(11) NOT NULL AUTO_INCREMENT,
  `name` text NOT NULL,
  `status` tinyint(4) DEFAULT NULL,
  `created_at` timestamp NULL DEFAULT NULL,
  `updated_at` timestamp NULL DEFAULT NULL,
  PRIMARY KEY (`id`)
) ENGINE=MyISAM AUTO_INCREMENT=9 DEFAULT CHARSET=utf8;

--
-- Đang đổ dữ liệu cho bảng `banner`
--

INSERT INTO `banner` (`id`, `name`, `status`, `created_at`, `updated_at`) VALUES
(1, 'Jazz+Final.png', 1, NULL, NULL),
(2, 'jY5KJsC.jpg', 1, NULL, NULL),
(3, 'How-To-Learn-Guitar-At-Home.jpg', 1, NULL, NULL),
(5, '169_1920.jpg', 1, NULL, NULL),
(6, 'banner-noel-moi-copy.jpg', 1, NULL, NULL);

-- --------------------------------------------------------

--
-- Cấu trúc bảng cho bảng `chapter`
--

DROP TABLE IF EXISTS `chapter`;
CREATE TABLE IF NOT EXISTS `chapter` (
  `id` int(10) UNSIGNED NOT NULL AUTO_INCREMENT,
  `name_chapter` varchar(255) COLLATE utf8mb4_unicode_ci NOT NULL,
  `sort_chapter` varchar(255) COLLATE utf8mb4_unicode_ci NOT NULL,
  `status` varchar(255) COLLATE utf8mb4_unicode_ci NOT NULL,
  `description` varchar(512) COLLATE utf8mb4_unicode_ci DEFAULT NULL,
  `search` text COLLATE utf8mb4_unicode_ci DEFAULT NULL,
  `course_id` varchar(20) COLLATE utf8mb4_unicode_ci NOT NULL,
  `remember_token` varchar(100) COLLATE utf8mb4_unicode_ci DEFAULT NULL,
  `created_at` timestamp NULL DEFAULT NULL,
  `updated_at` timestamp NULL DEFAULT NULL,
  PRIMARY KEY (`id`),
  KEY `course_id` (`course_id`)
) ENGINE=MyISAM AUTO_INCREMENT=18 DEFAULT CHARSET=utf8mb4 COLLATE=utf8mb4_unicode_ci;

--
-- Đang đổ dữ liệu cho bảng `chapter`
--

INSERT INTO `chapter` (`id`, `name_chapter`, `sort_chapter`, `status`, `description`, `search`, `course_id`, `remember_token`, `created_at`, `updated_at`) VALUES
(4, 'Kĩ thuật cho đàn', '4', '1', '1', '1', '1002', NULL, NULL, NULL),
(2, 'Fingerstyle trong đệm hát', '2', '1', 'Fingger style là một phương thức khó', 'a', '1002', NULL, NULL, NULL),
(3, 'Hợp âm nâng cao', '3', '1', 'a', 'a', '1002', NULL, NULL, NULL),
(1, 'Ôn lại một số kiến thức về âm giai', '1', '1', 'Chương học cơ bản nhất', 'a', '1002', NULL, NULL, NULL),
(5, 'Những điều cơ bản', '1', '1', '1', '1', '1001', NULL, NULL, NULL),
(6, 'Cấp độ 1: Làm quen với cây đàn', '2', '1', '1', '1', '1001', NULL, NULL, NULL),
(7, 'Cấp độ 2: Điệu Surf nhanh và chậm và những hợp âm chặn đầu tiên', '3', '1', '1', '1', '1001', NULL, NULL, NULL),
(8, 'Cấp độ 3 – Disco, Blue và Ballad, hợp âm thế tay cao, báo và hoàn thiện nhạc trẻ', '4', '1', '1', '1', '1001', NULL, NULL, NULL),
(9, 'Cấp độ 4 – Hoàn thiện các điệu ít dùng và hoàn thiện nhịp lẻ', '5', '1', '1', '1', '1001', NULL, NULL, NULL),
(10, 'Cấp độ 5 – Làm thế nào để bất kì bài cơ bản trung bình nào cũng chơi được?', '6', '1', '1', '1', '1001', NULL, NULL, NULL),
(11, 'Ôn lại một số kiến thức về âm giai aa', '1', '1', NULL, NULL, '1007', NULL, '2020-12-17 22:08:17', '2020-12-17 22:08:17'),
(12, 'Mới học cần những gì', '1', '1', NULL, NULL, '1005', NULL, '2020-12-17 22:15:04', '2020-12-17 22:15:04'),
(13, 'Làm quen với đàn guitar', '2', '1', NULL, NULL, '1005', NULL, '2020-12-17 22:16:11', '2020-12-17 22:16:11'),
(14, 'Hợp âm  là gì', '3', '1', NULL, NULL, '1005', NULL, '2020-12-17 22:17:39', '2020-12-17 22:17:39'),
(15, 'mở đầu', '1', '1', 'aaa', NULL, '1036', NULL, '2020-12-18 20:39:07', '2020-12-18 20:39:07'),
(16, 'Cơ bản', '1', '1', NULL, NULL, '1007', NULL, '2020-12-25 20:51:19', '2020-12-25 20:51:19'),
(17, 'chương cơ bản', '1', '1', NULL, NULL, '1009', NULL, '2020-12-25 20:51:50', '2020-12-25 20:51:50');

-- --------------------------------------------------------

--
-- Cấu trúc bảng cho bảng `cod_courses`
--

DROP TABLE IF EXISTS `cod_courses`;
CREATE TABLE IF NOT EXISTS `cod_courses` (
  `courses_id` int(25) NOT NULL,
  `name` varchar(100) DEFAULT NULL,
  `cod` int(25) NOT NULL,
  `status` int(11) DEFAULT NULL,
  `admin_id` int(11) DEFAULT NULL,
  `created_at` timestamp NULL DEFAULT NULL,
  `updated_at` timestamp NULL DEFAULT NULL,
  PRIMARY KEY (`cod`)
) ENGINE=MyISAM AUTO_INCREMENT=10000002 DEFAULT CHARSET=utf8;

--
-- Đang đổ dữ liệu cho bảng `cod_courses`
--

INSERT INTO `cod_courses` (`courses_id`, `name`, `cod`, `status`, `admin_id`, `created_at`, `updated_at`) VALUES
(1001, NULL, 1683364493, 1, NULL, '2020-12-03 08:44:27', '2020-12-03 08:44:27'),
(1001, NULL, 1578608315, 1, NULL, '2020-12-03 08:44:27', '2020-12-03 08:44:27'),
(1000, NULL, 1185774057, 1, NULL, '2020-12-03 03:42:35', '2020-12-03 03:42:35'),
(1000, NULL, 208537197, 0, NULL, '2020-12-03 03:42:35', '2020-12-03 03:42:35'),
(1000, NULL, 960975025, 0, NULL, '2020-12-03 03:42:35', '2020-12-03 03:42:35'),
(1000, NULL, 2134010670, 1, NULL, '2020-12-03 03:42:35', '2020-12-03 03:42:35'),
(1000, NULL, 1094184554, 0, NULL, '2020-12-03 03:42:35', '2020-12-03 03:42:35'),
(1000, NULL, 393091528, 0, NULL, '2020-12-03 03:42:35', '2020-12-03 03:42:35'),
(1000, NULL, 2039124708, 0, NULL, '2020-12-03 03:42:35', '2020-12-03 03:42:35'),
(1000, NULL, 2016654022, 0, NULL, '2020-12-03 03:42:35', '2020-12-03 03:42:35'),
(1000, NULL, 902277219, 0, NULL, '2020-12-03 03:42:35', '2020-12-03 03:42:35'),
(1000, NULL, 1033071032, 0, NULL, '2020-12-03 03:42:35', '2020-12-03 03:42:35'),
(1000, NULL, 1852769081, 0, NULL, '2020-12-03 03:42:35', '2020-12-03 03:42:35'),
(1000, NULL, 1174797370, 0, NULL, '2020-12-03 03:42:35', '2020-12-03 03:42:35'),
(1000, NULL, 393428238, 0, NULL, '2020-12-03 03:42:35', '2020-12-03 03:42:35'),
(1000, NULL, 624964819, 0, NULL, '2020-12-03 03:42:35', '2020-12-03 03:42:35'),
(1000, NULL, 1370732930, 0, NULL, '2020-12-03 03:42:35', '2020-12-03 03:42:35'),
(1000, NULL, 160823937, 0, NULL, '2020-12-03 03:42:35', '2020-12-03 03:42:35'),
(1000, NULL, 736380792, 0, NULL, '2020-12-03 03:42:35', '2020-12-03 03:42:35'),
(1000, NULL, 665249673, 0, NULL, '2020-12-03 03:42:35', '2020-12-03 03:42:35'),
(1000, NULL, 1200341725, 0, NULL, '2020-12-03 03:42:35', '2020-12-03 03:42:35'),
(1000, NULL, 182894218, 0, NULL, '2020-12-03 03:42:35', '2020-12-03 03:42:35'),
(1001, NULL, 1442791963, 1, NULL, '2020-12-03 08:44:27', '2020-12-03 08:44:27'),
(1001, NULL, 1906484817, 1, NULL, '2020-12-03 08:44:27', '2020-12-03 08:44:27'),
(1001, NULL, 1022145509, 1, NULL, '2020-12-03 08:44:27', '2020-12-03 08:44:27'),
(1001, NULL, 255967136, 1, NULL, '2020-12-03 08:44:27', '2020-12-03 08:44:27'),
(1001, NULL, 727207112, 1, NULL, '2020-12-03 08:44:27', '2020-12-03 08:44:27'),
(1001, NULL, 1155460908, 1, NULL, '2020-12-03 08:44:27', '2020-12-03 08:44:27'),
(1001, NULL, 814681200, 1, NULL, '2020-12-03 08:44:27', '2020-12-03 08:44:27'),
(1001, NULL, 1996825290, 0, NULL, '2020-12-03 08:44:27', '2020-12-03 08:44:27'),
(1001, NULL, 340509295, 0, NULL, '2020-12-03 08:44:27', '2020-12-03 08:44:27'),
(1001, NULL, 1685337611, 0, NULL, '2020-12-03 08:44:27', '2020-12-03 08:44:27'),
(1001, NULL, 1724581479, 0, NULL, '2020-12-03 08:44:27', '2020-12-03 08:44:27'),
(1001, NULL, 453202102, 0, NULL, '2020-12-03 08:44:27', '2020-12-03 08:44:27'),
(1001, NULL, 30190362, 0, NULL, '2020-12-03 08:44:27', '2020-12-03 08:44:27'),
(1001, NULL, 1105048491, 0, NULL, '2020-12-03 08:44:27', '2020-12-03 08:44:27'),
(1001, NULL, 755405266, 0, NULL, '2020-12-03 08:44:27', '2020-12-03 08:44:27'),
(1001, NULL, 2139790203, 0, NULL, '2020-12-03 08:44:27', '2020-12-03 08:44:27'),
(1001, NULL, 1448120433, 0, NULL, '2020-12-03 08:44:27', '2020-12-03 08:44:27'),
(1001, NULL, 1561339262, 0, NULL, '2020-12-03 08:44:27', '2020-12-03 08:44:27'),
(1002, NULL, 1914353933, 1, NULL, '2020-12-03 08:47:48', '2020-12-03 08:47:48'),
(1002, NULL, 219898786, 1, NULL, '2020-12-03 08:47:48', '2020-12-03 08:47:48'),
(1002, NULL, 520855074, 1, NULL, '2020-12-03 08:47:48', '2020-12-03 08:47:48'),
(1002, NULL, 2056300885, 1, NULL, '2020-12-03 08:47:48', '2020-12-03 08:47:48'),
(1002, NULL, 1221633714, 1, NULL, '2020-12-03 08:47:48', '2020-12-03 08:47:48'),
(1002, NULL, 934001276, 1, NULL, '2020-12-03 08:47:48', '2020-12-03 08:47:48'),
(1002, NULL, 1627463033, 1, NULL, '2020-12-03 08:47:48', '2020-12-03 08:47:48'),
(1002, NULL, 714448163, 1, NULL, '2020-12-03 08:47:48', '2020-12-03 08:47:48'),
(1002, NULL, 211058901, 1, NULL, '2020-12-03 08:47:48', '2020-12-03 08:47:48'),
(1002, NULL, 1142487158, 1, NULL, '2020-12-03 08:47:48', '2020-12-03 08:47:48'),
(1002, NULL, 188060165, 1, NULL, '2020-12-03 08:47:48', '2020-12-03 08:47:48'),
(1002, NULL, 768698811, 1, NULL, '2020-12-03 08:47:48', '2020-12-03 08:47:48'),
(1002, NULL, 1683544771, 1, NULL, '2020-12-03 08:47:48', '2020-12-03 08:47:48'),
(1002, NULL, 1602151142, 1, NULL, '2020-12-03 08:47:48', '2020-12-03 08:47:48'),
(1002, NULL, 497436013, 0, NULL, '2020-12-03 08:47:48', '2020-12-03 08:47:48'),
(1002, NULL, 1523487062, 0, NULL, '2020-12-03 08:47:48', '2020-12-03 08:47:48'),
(1002, NULL, 355498378, 0, NULL, '2020-12-03 08:47:48', '2020-12-03 08:47:48'),
(1002, NULL, 1218629666, 0, NULL, '2020-12-03 08:47:48', '2020-12-03 08:47:48'),
(1002, NULL, 1242442106, 0, NULL, '2020-12-03 08:47:48', '2020-12-03 08:47:48'),
(1002, NULL, 1747568394, 0, NULL, '2020-12-03 08:47:48', '2020-12-03 08:47:48'),
(1003, NULL, 955728876, 1, NULL, '2020-12-04 01:58:14', '2020-12-04 01:58:14'),
(1003, NULL, 254386958, 1, NULL, '2020-12-04 01:58:14', '2020-12-04 01:58:14'),
(1003, NULL, 40086612, 1, NULL, '2020-12-04 01:58:14', '2020-12-04 01:58:14'),
(1003, NULL, 565746020, 0, NULL, '2020-12-04 01:58:14', '2020-12-04 01:58:14'),
(1003, NULL, 36147564, 0, NULL, '2020-12-04 01:58:14', '2020-12-04 01:58:14'),
(1003, NULL, 2028459582, 0, NULL, '2020-12-04 01:58:14', '2020-12-04 01:58:14'),
(1003, NULL, 1591101636, 0, NULL, '2020-12-04 01:58:14', '2020-12-04 01:58:14'),
(1003, NULL, 299508837, 0, NULL, '2020-12-04 01:58:14', '2020-12-04 01:58:14'),
(1003, NULL, 1779790035, 0, NULL, '2020-12-04 01:58:14', '2020-12-04 01:58:14'),
(1003, NULL, 1061072411, 0, NULL, '2020-12-04 01:58:14', '2020-12-04 01:58:14'),
(1003, NULL, 725289994, 0, NULL, '2020-12-04 01:58:14', '2020-12-04 01:58:14'),
(1003, NULL, 1497767499, 0, NULL, '2020-12-04 01:58:14', '2020-12-04 01:58:14'),
(1003, NULL, 1845945498, 0, NULL, '2020-12-04 01:58:14', '2020-12-04 01:58:14'),
(1003, NULL, 286824384, 0, NULL, '2020-12-04 01:58:14', '2020-12-04 01:58:14'),
(1003, NULL, 1932450002, 0, NULL, '2020-12-04 01:58:14', '2020-12-04 01:58:14'),
(1003, NULL, 1243231222, 0, NULL, '2020-12-04 01:58:14', '2020-12-04 01:58:14'),
(1003, NULL, 1319776788, 0, NULL, '2020-12-04 01:58:14', '2020-12-04 01:58:14'),
(1003, NULL, 17191836, 0, NULL, '2020-12-04 01:58:14', '2020-12-04 01:58:14'),
(1003, NULL, 1772503094, 0, NULL, '2020-12-04 01:58:14', '2020-12-04 01:58:14'),
(1003, NULL, 156095026, 0, NULL, '2020-12-04 01:58:14', '2020-12-04 01:58:14'),
(1004, NULL, 785290106, 1, NULL, '2020-12-04 09:01:00', '2020-12-04 09:01:00'),
(1004, NULL, 572523200, 0, NULL, '2020-12-04 09:01:00', '2020-12-04 09:01:00'),
(1004, NULL, 1798729930, 0, NULL, '2020-12-04 09:01:00', '2020-12-04 09:01:00'),
(1004, NULL, 886182682, 0, NULL, '2020-12-04 09:01:00', '2020-12-04 09:01:00'),
(1004, NULL, 2088059966, 0, NULL, '2020-12-04 09:01:00', '2020-12-04 09:01:00'),
(1004, NULL, 258915869, 0, NULL, '2020-12-04 09:01:00', '2020-12-04 09:01:00'),
(1004, NULL, 1809422434, 0, NULL, '2020-12-04 09:01:00', '2020-12-04 09:01:00'),
(1004, NULL, 1025252920, 0, NULL, '2020-12-04 09:01:00', '2020-12-04 09:01:00'),
(1004, NULL, 1235844687, 0, NULL, '2020-12-04 09:01:00', '2020-12-04 09:01:00'),
(1004, NULL, 238072387, 0, NULL, '2020-12-04 09:01:00', '2020-12-04 09:01:00'),
(1004, NULL, 2023813124, 0, NULL, '2020-12-04 09:01:00', '2020-12-04 09:01:00'),
(1004, NULL, 281759950, 0, NULL, '2020-12-04 09:01:00', '2020-12-04 09:01:00'),
(1004, NULL, 1551807596, 0, NULL, '2020-12-04 09:01:00', '2020-12-04 09:01:00'),
(1004, NULL, 140085273, 0, NULL, '2020-12-04 09:01:00', '2020-12-04 09:01:00'),
(1004, NULL, 3325285, 0, NULL, '2020-12-04 09:01:00', '2020-12-04 09:01:00'),
(1004, NULL, 410977220, 0, NULL, '2020-12-04 09:01:00', '2020-12-04 09:01:00'),
(1004, NULL, 2086552487, 0, NULL, '2020-12-04 09:01:00', '2020-12-04 09:01:00'),
(1004, NULL, 429985558, 0, NULL, '2020-12-04 09:01:00', '2020-12-04 09:01:00'),
(1004, NULL, 1119483508, 0, NULL, '2020-12-04 09:01:00', '2020-12-04 09:01:00'),
(1004, NULL, 2025499657, 0, NULL, '2020-12-04 09:01:00', '2020-12-04 09:01:00'),
(1005, NULL, 526319502, 0, NULL, '2020-12-04 09:01:09', '2020-12-04 09:01:09'),
(1005, NULL, 128034383, 0, NULL, '2020-12-04 09:01:09', '2020-12-04 09:01:09'),
(1005, NULL, 1526112099, 0, NULL, '2020-12-04 09:01:09', '2020-12-04 09:01:09'),
(1005, NULL, 598564961, 0, NULL, '2020-12-04 09:01:09', '2020-12-04 09:01:09'),
(1005, NULL, 1461453779, 0, NULL, '2020-12-04 09:01:09', '2020-12-04 09:01:09'),
(1005, NULL, 821779414, 0, NULL, '2020-12-04 09:01:09', '2020-12-04 09:01:09'),
(1005, NULL, 1349567705, 0, NULL, '2020-12-04 09:01:10', '2020-12-04 09:01:10'),
(1005, NULL, 2469352, 0, NULL, '2020-12-04 09:01:10', '2020-12-04 09:01:10'),
(1005, NULL, 90042810, 0, NULL, '2020-12-04 09:01:10', '2020-12-04 09:01:10'),
(1005, NULL, 1527253167, 0, NULL, '2020-12-04 09:01:10', '2020-12-04 09:01:10'),
(1005, NULL, 1072939053, 0, NULL, '2020-12-04 09:01:10', '2020-12-04 09:01:10'),
(1005, NULL, 804427845, 0, NULL, '2020-12-04 09:01:10', '2020-12-04 09:01:10'),
(1005, NULL, 853401252, 0, NULL, '2020-12-04 09:01:10', '2020-12-04 09:01:10'),
(1005, NULL, 1082147289, 0, NULL, '2020-12-04 09:01:10', '2020-12-04 09:01:10'),
(1005, NULL, 166827570, 0, NULL, '2020-12-04 09:01:10', '2020-12-04 09:01:10'),
(1005, NULL, 1398069711, 0, NULL, '2020-12-04 09:01:10', '2020-12-04 09:01:10'),
(1005, NULL, 1360070641, 0, NULL, '2020-12-04 09:01:10', '2020-12-04 09:01:10'),
(1005, NULL, 638010110, 0, NULL, '2020-12-04 09:01:10', '2020-12-04 09:01:10'),
(1005, NULL, 519639522, 0, NULL, '2020-12-04 09:01:10', '2020-12-04 09:01:10'),
(1005, NULL, 806498975, 0, NULL, '2020-12-04 09:01:10', '2020-12-04 09:01:10'),
(1006, NULL, 798273448, 0, NULL, '2020-12-04 09:01:19', '2020-12-04 09:01:19'),
(1006, NULL, 1556833214, 0, NULL, '2020-12-04 09:01:19', '2020-12-04 09:01:19'),
(1006, NULL, 664032336, 0, NULL, '2020-12-04 09:01:19', '2020-12-04 09:01:19'),
(1006, NULL, 2041185983, 0, NULL, '2020-12-04 09:01:19', '2020-12-04 09:01:19'),
(1006, NULL, 86668196, 0, NULL, '2020-12-04 09:01:19', '2020-12-04 09:01:19'),
(1006, NULL, 695779335, 0, NULL, '2020-12-04 09:01:19', '2020-12-04 09:01:19'),
(1006, NULL, 1214777880, 0, NULL, '2020-12-04 09:01:19', '2020-12-04 09:01:19'),
(1006, NULL, 21967657, 0, NULL, '2020-12-04 09:01:19', '2020-12-04 09:01:19'),
(1006, NULL, 1372097256, 0, NULL, '2020-12-04 09:01:19', '2020-12-04 09:01:19'),
(1006, NULL, 1941916157, 0, NULL, '2020-12-04 09:01:19', '2020-12-04 09:01:19'),
(1006, NULL, 389827759, 0, NULL, '2020-12-04 09:01:19', '2020-12-04 09:01:19'),
(1006, NULL, 503480051, 0, NULL, '2020-12-04 09:01:19', '2020-12-04 09:01:19'),
(1006, NULL, 1751900503, 0, NULL, '2020-12-04 09:01:19', '2020-12-04 09:01:19'),
(1006, NULL, 97496458, 0, NULL, '2020-12-04 09:01:19', '2020-12-04 09:01:19'),
(1006, NULL, 1368160680, 0, NULL, '2020-12-04 09:01:19', '2020-12-04 09:01:19'),
(1006, NULL, 591535265, 0, NULL, '2020-12-04 09:01:19', '2020-12-04 09:01:19'),
(1006, NULL, 1666495258, 0, NULL, '2020-12-04 09:01:19', '2020-12-04 09:01:19'),
(1006, NULL, 1658942840, 0, NULL, '2020-12-04 09:01:19', '2020-12-04 09:01:19'),
(1006, NULL, 44341131, 0, NULL, '2020-12-04 09:01:19', '2020-12-04 09:01:19'),
(1006, NULL, 1049257955, 0, NULL, '2020-12-04 09:01:19', '2020-12-04 09:01:19'),
(1007, NULL, 2071942916, 0, NULL, '2020-12-04 09:01:27', '2020-12-04 09:01:27'),
(1007, NULL, 1678896634, 0, NULL, '2020-12-04 09:01:27', '2020-12-04 09:01:27'),
(1007, NULL, 33073772, 0, NULL, '2020-12-04 09:01:27', '2020-12-04 09:01:27'),
(1007, NULL, 1552456607, 0, NULL, '2020-12-04 09:01:27', '2020-12-04 09:01:27'),
(1007, NULL, 216316631, 0, NULL, '2020-12-04 09:01:27', '2020-12-04 09:01:27'),
(1007, NULL, 1257388604, 0, NULL, '2020-12-04 09:01:27', '2020-12-04 09:01:27'),
(1007, NULL, 781595878, 0, NULL, '2020-12-04 09:01:27', '2020-12-04 09:01:27'),
(1007, NULL, 319342441, 0, NULL, '2020-12-04 09:01:27', '2020-12-04 09:01:27'),
(1007, NULL, 1500562855, 0, NULL, '2020-12-04 09:01:27', '2020-12-04 09:01:27'),
(1007, NULL, 815968782, 0, NULL, '2020-12-04 09:01:27', '2020-12-04 09:01:27'),
(1007, NULL, 164344306, 0, NULL, '2020-12-04 09:01:27', '2020-12-04 09:01:27'),
(1007, NULL, 736913922, 0, NULL, '2020-12-04 09:01:27', '2020-12-04 09:01:27'),
(1007, NULL, 806904365, 0, NULL, '2020-12-04 09:01:27', '2020-12-04 09:01:27'),
(1007, NULL, 748540573, 0, NULL, '2020-12-04 09:01:27', '2020-12-04 09:01:27'),
(1007, NULL, 1891134637, 0, NULL, '2020-12-04 09:01:27', '2020-12-04 09:01:27'),
(1007, NULL, 584523974, 0, NULL, '2020-12-04 09:01:27', '2020-12-04 09:01:27'),
(1007, NULL, 755729994, 0, NULL, '2020-12-04 09:01:27', '2020-12-04 09:01:27'),
(1007, NULL, 838356913, 0, NULL, '2020-12-04 09:01:27', '2020-12-04 09:01:27'),
(1007, NULL, 1906321336, 0, NULL, '2020-12-04 09:01:27', '2020-12-04 09:01:27'),
(1007, NULL, 1441362476, 0, NULL, '2020-12-04 09:01:27', '2020-12-04 09:01:27'),
(1009, NULL, 899589177, 1, NULL, '2020-12-04 09:01:37', '2020-12-04 09:01:37'),
(1009, NULL, 1301900929, 1, NULL, '2020-12-04 09:01:37', '2020-12-04 09:01:37'),
(1009, NULL, 171674707, 0, NULL, '2020-12-04 09:01:37', '2020-12-04 09:01:37'),
(1009, NULL, 1139334082, 0, NULL, '2020-12-04 09:01:37', '2020-12-04 09:01:37'),
(1009, NULL, 2115395917, 0, NULL, '2020-12-04 09:01:37', '2020-12-04 09:01:37'),
(1009, NULL, 1586882424, 0, NULL, '2020-12-04 09:01:37', '2020-12-04 09:01:37'),
(1009, NULL, 1537606708, 0, NULL, '2020-12-04 09:01:37', '2020-12-04 09:01:37'),
(1009, NULL, 2045219731, 0, NULL, '2020-12-04 09:01:37', '2020-12-04 09:01:37'),
(1009, NULL, 1050386128, 0, NULL, '2020-12-04 09:01:37', '2020-12-04 09:01:37'),
(1009, NULL, 615779491, 0, NULL, '2020-12-04 09:01:37', '2020-12-04 09:01:37'),
(1009, NULL, 1384236212, 0, NULL, '2020-12-04 09:01:37', '2020-12-04 09:01:37'),
(1009, NULL, 330234525, 0, NULL, '2020-12-04 09:01:37', '2020-12-04 09:01:37'),
(1009, NULL, 237701769, 0, NULL, '2020-12-04 09:01:37', '2020-12-04 09:01:37'),
(1009, NULL, 1200248349, 0, NULL, '2020-12-04 09:01:37', '2020-12-04 09:01:37'),
(1009, NULL, 1520718821, 0, NULL, '2020-12-04 09:01:37', '2020-12-04 09:01:37'),
(1009, NULL, 392733208, 0, NULL, '2020-12-04 09:01:37', '2020-12-04 09:01:37'),
(1009, NULL, 151367105, 0, NULL, '2020-12-04 09:01:37', '2020-12-04 09:01:37'),
(1009, NULL, 1356148417, 0, NULL, '2020-12-04 09:01:37', '2020-12-04 09:01:37'),
(1009, NULL, 2051912734, 0, NULL, '2020-12-04 09:01:37', '2020-12-04 09:01:37'),
(1009, NULL, 1276596673, 0, NULL, '2020-12-04 09:01:37', '2020-12-04 09:01:37'),
(1010, NULL, 1472258365, 1, NULL, '2020-12-04 09:01:43', '2020-12-04 09:01:43'),
(1010, NULL, 189842373, 0, NULL, '2020-12-04 09:01:43', '2020-12-04 09:01:43'),
(1010, NULL, 1228133226, 0, NULL, '2020-12-04 09:01:43', '2020-12-04 09:01:43'),
(1010, NULL, 396137701, 0, NULL, '2020-12-04 09:01:43', '2020-12-04 09:01:43'),
(1010, NULL, 1820385975, 0, NULL, '2020-12-04 09:01:43', '2020-12-04 09:01:43'),
(1010, NULL, 1694128190, 0, NULL, '2020-12-04 09:01:43', '2020-12-04 09:01:43'),
(1010, NULL, 1210380030, 0, NULL, '2020-12-04 09:01:43', '2020-12-04 09:01:43'),
(1010, NULL, 2004321463, 0, NULL, '2020-12-04 09:01:43', '2020-12-04 09:01:43'),
(1010, NULL, 1072900067, 0, NULL, '2020-12-04 09:01:43', '2020-12-04 09:01:43'),
(1010, NULL, 260719007, 0, NULL, '2020-12-04 09:01:43', '2020-12-04 09:01:43'),
(1010, NULL, 695023737, 0, NULL, '2020-12-04 09:01:43', '2020-12-04 09:01:43'),
(1010, NULL, 439817134, 0, NULL, '2020-12-04 09:01:43', '2020-12-04 09:01:43'),
(1010, NULL, 1581328791, 0, NULL, '2020-12-04 09:01:43', '2020-12-04 09:01:43'),
(1010, NULL, 1428306755, 0, NULL, '2020-12-04 09:01:43', '2020-12-04 09:01:43'),
(1010, NULL, 1773708251, 0, NULL, '2020-12-04 09:01:43', '2020-12-04 09:01:43'),
(1010, NULL, 1560914743, 0, NULL, '2020-12-04 09:01:43', '2020-12-04 09:01:43'),
(1010, NULL, 1365691814, 0, NULL, '2020-12-04 09:01:43', '2020-12-04 09:01:43'),
(1010, NULL, 1997738517, 0, NULL, '2020-12-04 09:01:43', '2020-12-04 09:01:43'),
(1010, NULL, 1194192005, 0, NULL, '2020-12-04 09:01:43', '2020-12-04 09:01:43'),
(1010, NULL, 843240662, 0, NULL, '2020-12-04 09:01:43', '2020-12-04 09:01:43'),
(1012, NULL, 1339415499, 1, NULL, '2020-12-04 09:01:56', '2020-12-04 09:01:56'),
(1012, NULL, 125960181, 1, NULL, '2020-12-04 09:01:56', '2020-12-04 09:01:56'),
(1012, NULL, 1029495421, 1, NULL, '2020-12-04 09:01:56', '2020-12-04 09:01:56'),
(1012, NULL, 1071463160, 1, NULL, '2020-12-04 09:01:56', '2020-12-04 09:01:56'),
(1012, NULL, 2038994100, 0, NULL, '2020-12-04 09:01:56', '2020-12-04 09:01:56'),
(1012, NULL, 2029236192, 0, NULL, '2020-12-04 09:01:56', '2020-12-04 09:01:56'),
(1012, NULL, 1064587247, 0, NULL, '2020-12-04 09:01:56', '2020-12-04 09:01:56'),
(1012, NULL, 1460208924, 0, NULL, '2020-12-04 09:01:56', '2020-12-04 09:01:56'),
(1012, NULL, 1657941364, 0, NULL, '2020-12-04 09:01:56', '2020-12-04 09:01:56'),
(1012, NULL, 349705121, 0, NULL, '2020-12-04 09:01:56', '2020-12-04 09:01:56'),
(1012, NULL, 369005324, 0, NULL, '2020-12-04 09:01:56', '2020-12-04 09:01:56'),
(1012, NULL, 1735125236, 0, NULL, '2020-12-04 09:01:56', '2020-12-04 09:01:56'),
(1012, NULL, 655607377, 0, NULL, '2020-12-04 09:01:56', '2020-12-04 09:01:56'),
(1012, NULL, 1479692009, 0, NULL, '2020-12-04 09:01:56', '2020-12-04 09:01:56'),
(1012, NULL, 805288649, 0, NULL, '2020-12-04 09:01:56', '2020-12-04 09:01:56'),
(1012, NULL, 127341534, 0, NULL, '2020-12-04 09:01:56', '2020-12-04 09:01:56'),
(1012, NULL, 2112987528, 0, NULL, '2020-12-04 09:01:56', '2020-12-04 09:01:56'),
(1012, NULL, 707659379, 0, NULL, '2020-12-04 09:01:56', '2020-12-04 09:01:56'),
(1012, NULL, 1597451436, 0, NULL, '2020-12-04 09:01:56', '2020-12-04 09:01:56'),
(1012, NULL, 1349931449, 0, NULL, '2020-12-04 09:01:56', '2020-12-04 09:01:56'),
(1014, NULL, 1784826630, 1, NULL, '2020-12-08 02:34:17', '2020-12-08 02:34:17'),
(1014, NULL, 1327930851, 1, NULL, '2020-12-08 02:34:17', '2020-12-08 02:34:17'),
(1014, NULL, 2129775872, 0, NULL, '2020-12-08 02:34:17', '2020-12-08 02:34:17'),
(1014, NULL, 294081128, 0, NULL, '2020-12-08 02:34:17', '2020-12-08 02:34:17'),
(1014, NULL, 56126202, 0, NULL, '2020-12-08 02:34:17', '2020-12-08 02:34:17'),
(1014, NULL, 2087458071, 0, NULL, '2020-12-08 02:34:17', '2020-12-08 02:34:17'),
(1014, NULL, 534647858, 0, NULL, '2020-12-08 02:34:17', '2020-12-08 02:34:17'),
(1014, NULL, 764521828, 0, NULL, '2020-12-08 02:34:17', '2020-12-08 02:34:17'),
(1014, NULL, 1197136092, 0, NULL, '2020-12-08 02:34:17', '2020-12-08 02:34:17'),
(1014, NULL, 934667078, 0, NULL, '2020-12-08 02:34:17', '2020-12-08 02:34:17'),
(1014, NULL, 593542946, 0, NULL, '2020-12-08 02:34:17', '2020-12-08 02:34:17'),
(1014, NULL, 100670317, 0, NULL, '2020-12-08 02:34:17', '2020-12-08 02:34:17'),
(1014, NULL, 1188575977, 0, NULL, '2020-12-08 02:34:17', '2020-12-08 02:34:17'),
(1014, NULL, 1235850858, 0, NULL, '2020-12-08 02:34:17', '2020-12-08 02:34:17'),
(1014, NULL, 363709131, 0, NULL, '2020-12-08 02:34:17', '2020-12-08 02:34:17'),
(1014, NULL, 505929442, 0, NULL, '2020-12-08 02:34:17', '2020-12-08 02:34:17'),
(1014, NULL, 1621973360, 0, NULL, '2020-12-08 02:34:17', '2020-12-08 02:34:17'),
(1014, NULL, 1506522743, 0, NULL, '2020-12-08 02:34:17', '2020-12-08 02:34:17'),
(1014, NULL, 1795850464, 0, NULL, '2020-12-08 02:34:17', '2020-12-08 02:34:17'),
(1014, NULL, 677357832, 0, NULL, '2020-12-08 02:34:17', '2020-12-08 02:34:17'),
(1011, NULL, 1656133695, 1, NULL, '2020-12-08 19:25:28', '2020-12-08 19:25:28'),
(1011, NULL, 57054888, 1, NULL, '2020-12-08 19:25:28', '2020-12-08 19:25:28'),
(1011, NULL, 2017894579, 1, NULL, '2020-12-08 19:25:28', '2020-12-08 19:25:28'),
(1011, NULL, 1485841773, 1, NULL, '2020-12-08 19:25:28', '2020-12-08 19:25:28'),
(1011, NULL, 1309929964, 1, NULL, '2020-12-08 19:25:28', '2020-12-08 19:25:28'),
(1011, NULL, 629904750, 0, NULL, '2020-12-08 19:25:28', '2020-12-08 19:25:28'),
(1011, NULL, 1367654753, 0, NULL, '2020-12-08 19:25:28', '2020-12-08 19:25:28'),
(1011, NULL, 903377310, 0, NULL, '2020-12-08 19:25:28', '2020-12-08 19:25:28'),
(1011, NULL, 1991562927, 0, NULL, '2020-12-08 19:25:28', '2020-12-08 19:25:28'),
(1011, NULL, 1669552340, 0, NULL, '2020-12-08 19:25:28', '2020-12-08 19:25:28'),
(1011, NULL, 1680892839, 0, NULL, '2020-12-08 19:25:28', '2020-12-08 19:25:28'),
(1011, NULL, 2090632916, 0, NULL, '2020-12-08 19:25:28', '2020-12-08 19:25:28'),
(1011, NULL, 685355451, 0, NULL, '2020-12-08 19:25:28', '2020-12-08 19:25:28'),
(1011, NULL, 31888666, 0, NULL, '2020-12-08 19:25:28', '2020-12-08 19:25:28'),
(1011, NULL, 665273141, 0, NULL, '2020-12-08 19:25:28', '2020-12-08 19:25:28'),
(1011, NULL, 440363316, 0, NULL, '2020-12-08 19:25:28', '2020-12-08 19:25:28'),
(1011, NULL, 470204568, 0, NULL, '2020-12-08 19:25:28', '2020-12-08 19:25:28'),
(1011, NULL, 1231203173, 0, NULL, '2020-12-08 19:25:28', '2020-12-08 19:25:28'),
(1011, NULL, 672813793, 0, NULL, '2020-12-08 19:25:28', '2020-12-08 19:25:28'),
(1011, NULL, 206967180, 0, NULL, '2020-12-08 19:25:28', '2020-12-08 19:25:28'),
(1001, NULL, 55265486, 0, NULL, '2020-12-12 21:38:01', '2020-12-12 21:38:01'),
(1001, NULL, 563311903, 0, NULL, '2020-12-12 21:40:16', '2020-12-12 21:40:16'),
(1001, NULL, 1226333683, 0, NULL, '2020-12-12 21:40:16', '2020-12-12 21:40:16'),
(1001, NULL, 1158198067, 0, NULL, '2020-12-12 21:40:16', '2020-12-12 21:40:16'),
(1001, NULL, 278504019, 0, NULL, '2020-12-12 21:40:16', '2020-12-12 21:40:16'),
(1001, NULL, 781090526, 0, NULL, '2020-12-12 21:40:16', '2020-12-12 21:40:16'),
(1001, NULL, 1691541409, 0, NULL, '2020-12-12 21:40:16', '2020-12-12 21:40:16'),
(1001, NULL, 1447804661, 0, NULL, '2020-12-12 21:40:16', '2020-12-12 21:40:16'),
(1001, NULL, 1358140823, 0, NULL, '2020-12-12 21:40:16', '2020-12-12 21:40:16'),
(1001, NULL, 1830042151, 0, NULL, '2020-12-12 21:40:16', '2020-12-12 21:40:16'),
(1001, NULL, 1115668240, 0, NULL, '2020-12-12 21:40:16', '2020-12-12 21:40:16'),
(1001, NULL, 127371886, 0, NULL, '2020-12-12 21:40:26', '2020-12-12 21:40:26'),
(1001, NULL, 2144110203, 0, NULL, '2020-12-12 21:40:26', '2020-12-12 21:40:26'),
(1001, NULL, 1949670656, 0, NULL, '2020-12-12 21:40:26', '2020-12-12 21:40:26'),
(1001, NULL, 127533228, 0, NULL, '2020-12-12 21:40:26', '2020-12-12 21:40:26'),
(1001, NULL, 2082858102, 0, NULL, '2020-12-12 21:40:26', '2020-12-12 21:40:26'),
(1001, NULL, 1707977896, 0, NULL, '2020-12-12 21:40:26', '2020-12-12 21:40:26'),
(1001, NULL, 1372218361, 0, NULL, '2020-12-12 21:40:26', '2020-12-12 21:40:26'),
(1001, NULL, 461735864, 0, NULL, '2020-12-12 21:40:26', '2020-12-12 21:40:26'),
(1001, NULL, 1777402710, 0, NULL, '2020-12-12 21:40:26', '2020-12-12 21:40:26'),
(1001, NULL, 1280767747, 0, NULL, '2020-12-12 21:40:43', '2020-12-12 21:40:43'),
(1001, NULL, 1869260083, 0, NULL, '2020-12-12 21:40:43', '2020-12-12 21:40:43'),
(1001, NULL, 2069616331, 0, NULL, '2020-12-12 21:40:43', '2020-12-12 21:40:43'),
(1001, NULL, 1602745202, 0, NULL, '2020-12-12 21:40:43', '2020-12-12 21:40:43'),
(1001, NULL, 2012580431, 0, NULL, '2020-12-12 21:40:43', '2020-12-12 21:40:43'),
(1001, NULL, 1977361174, 0, NULL, '2020-12-12 21:40:43', '2020-12-12 21:40:43'),
(1001, NULL, 332793551, 0, NULL, '2020-12-12 21:40:43', '2020-12-12 21:40:43'),
(1001, NULL, 1186442799, 0, NULL, '2020-12-12 21:40:43', '2020-12-12 21:40:43'),
(1001, NULL, 2081970479, 0, NULL, '2020-12-12 21:40:43', '2020-12-12 21:40:43'),
(1001, NULL, 1233568569, 0, NULL, '2020-12-12 21:40:45', '2020-12-12 21:40:45'),
(1001, NULL, 1846276200, 0, NULL, '2020-12-12 21:40:45', '2020-12-12 21:40:45'),
(1001, NULL, 223911198, 0, NULL, '2020-12-12 21:40:45', '2020-12-12 21:40:45'),
(1001, NULL, 350874629, 0, NULL, '2020-12-12 21:40:45', '2020-12-12 21:40:45'),
(1001, NULL, 1621763661, 0, NULL, '2020-12-12 21:40:45', '2020-12-12 21:40:45'),
(1001, NULL, 607813111, 0, NULL, '2020-12-12 21:40:45', '2020-12-12 21:40:45'),
(1001, NULL, 812222790, 0, NULL, '2020-12-12 21:40:45', '2020-12-12 21:40:45'),
(1001, NULL, 1535806608, 0, NULL, '2020-12-12 21:40:45', '2020-12-12 21:40:45'),
(1001, NULL, 2012839519, 0, NULL, '2020-12-12 21:40:45', '2020-12-12 21:40:45'),
(1001, NULL, 2126546893, 0, NULL, '2020-12-12 21:40:46', '2020-12-12 21:40:46'),
(1001, NULL, 1628688099, 0, NULL, '2020-12-12 21:40:46', '2020-12-12 21:40:46'),
(1001, NULL, 1729941141, 0, NULL, '2020-12-12 21:40:46', '2020-12-12 21:40:46'),
(1001, NULL, 1251097715, 0, NULL, '2020-12-12 21:40:46', '2020-12-12 21:40:46'),
(1001, NULL, 1551000452, 0, NULL, '2020-12-12 21:40:46', '2020-12-12 21:40:46'),
(1001, NULL, 1979627508, 0, NULL, '2020-12-12 21:40:46', '2020-12-12 21:40:46'),
(1001, NULL, 996968804, 0, NULL, '2020-12-12 21:40:46', '2020-12-12 21:40:46'),
(1001, NULL, 1826987526, 0, NULL, '2020-12-12 21:40:46', '2020-12-12 21:40:46'),
(1001, NULL, 23571173, 0, NULL, '2020-12-12 21:40:46', '2020-12-12 21:40:46'),
(1001, NULL, 1138092773, 0, NULL, '2020-12-12 21:40:57', '2020-12-12 21:40:57'),
(1001, NULL, 1992938727, 0, NULL, '2020-12-12 21:40:57', '2020-12-12 21:40:57'),
(1001, NULL, 1140811128, 0, NULL, '2020-12-12 21:40:57', '2020-12-12 21:40:57'),
(1001, NULL, 1197986319, 0, NULL, '2020-12-12 21:40:57', '2020-12-12 21:40:57'),
(1001, NULL, 820150135, 0, NULL, '2020-12-12 21:40:57', '2020-12-12 21:40:57'),
(1001, NULL, 501847632, 0, NULL, '2020-12-12 21:40:57', '2020-12-12 21:40:57'),
(1001, NULL, 1112596009, 0, NULL, '2020-12-12 21:40:57', '2020-12-12 21:40:57'),
(1001, NULL, 2295229, 0, NULL, '2020-12-12 21:40:57', '2020-12-12 21:40:57'),
(1001, NULL, 2002015793, 0, NULL, '2020-12-12 21:40:57', '2020-12-12 21:40:57'),
(1001, NULL, 1158315455, 0, NULL, '2020-12-12 21:40:57', '2020-12-12 21:40:57'),
(1001, NULL, 235833919, 0, NULL, '2020-12-12 21:40:58', '2020-12-12 21:40:58'),
(1001, NULL, 285260, 0, NULL, '2020-12-12 21:40:58', '2020-12-12 21:40:58'),
(1001, NULL, 1357737842, 0, NULL, '2020-12-12 21:40:58', '2020-12-12 21:40:58'),
(1001, NULL, 1562850081, 0, NULL, '2020-12-12 21:40:58', '2020-12-12 21:40:58'),
(1001, NULL, 2140779614, 0, NULL, '2020-12-12 21:40:58', '2020-12-12 21:40:58'),
(1001, NULL, 1659286969, 0, NULL, '2020-12-12 21:40:58', '2020-12-12 21:40:58'),
(1001, NULL, 1326339576, 0, NULL, '2020-12-12 21:40:58', '2020-12-12 21:40:58'),
(1001, NULL, 1678263520, 0, NULL, '2020-12-12 21:40:58', '2020-12-12 21:40:58'),
(1001, NULL, 1220765364, 0, NULL, '2020-12-12 21:40:58', '2020-12-12 21:40:58'),
(1001, NULL, 2096902920, 0, NULL, '2020-12-12 21:40:58', '2020-12-12 21:40:58'),
(1001, NULL, 710403990, 0, NULL, '2020-12-12 21:40:58', '2020-12-12 21:40:58'),
(1001, NULL, 1243427699, 0, NULL, '2020-12-12 21:40:58', '2020-12-12 21:40:58'),
(1001, NULL, 1381332797, 0, NULL, '2020-12-12 21:40:58', '2020-12-12 21:40:58'),
(1001, NULL, 1024201799, 0, NULL, '2020-12-12 21:40:58', '2020-12-12 21:40:58'),
(1001, NULL, 1392417788, 0, NULL, '2020-12-12 21:40:58', '2020-12-12 21:40:58'),
(1001, NULL, 2115882001, 0, NULL, '2020-12-12 21:40:58', '2020-12-12 21:40:58'),
(1001, NULL, 1334181748, 0, NULL, '2020-12-12 21:40:58', '2020-12-12 21:40:58'),
(1001, NULL, 1525093133, 0, NULL, '2020-12-12 21:40:58', '2020-12-12 21:40:58'),
(1001, NULL, 1854068511, 0, NULL, '2020-12-12 21:40:58', '2020-12-12 21:40:58'),
(1001, NULL, 2068717114, 0, NULL, '2020-12-12 21:40:58', '2020-12-12 21:40:58'),
(1001, NULL, 1797529150, 0, NULL, '2020-12-12 21:40:58', '2020-12-12 21:40:58'),
(1001, NULL, 1454645373, 0, NULL, '2020-12-12 21:40:58', '2020-12-12 21:40:58'),
(1001, NULL, 1064972520, 0, NULL, '2020-12-12 21:40:58', '2020-12-12 21:40:58'),
(1001, NULL, 969791730, 0, NULL, '2020-12-12 21:40:58', '2020-12-12 21:40:58'),
(1001, NULL, 525553049, 0, NULL, '2020-12-12 21:40:58', '2020-12-12 21:40:58'),
(1001, NULL, 146586866, 0, NULL, '2020-12-12 21:40:59', '2020-12-12 21:40:59'),
(1001, NULL, 1149977007, 0, NULL, '2020-12-12 21:40:59', '2020-12-12 21:40:59'),
(1001, NULL, 459760364, 0, NULL, '2020-12-12 21:40:59', '2020-12-12 21:40:59'),
(1001, NULL, 1235660424, 0, NULL, '2020-12-12 21:40:59', '2020-12-12 21:40:59'),
(1001, NULL, 450709841, 0, NULL, '2020-12-12 21:40:59', '2020-12-12 21:40:59'),
(1001, NULL, 1274143798, 0, NULL, '2020-12-12 21:40:59', '2020-12-12 21:40:59'),
(1001, NULL, 1544051823, 0, NULL, '2020-12-12 21:40:59', '2020-12-12 21:40:59'),
(1001, NULL, 486405007, 0, NULL, '2020-12-12 21:40:59', '2020-12-12 21:40:59'),
(1001, NULL, 988656897, 0, NULL, '2020-12-12 21:40:59', '2020-12-12 21:40:59'),
(1001, NULL, 711261657, 0, NULL, '2020-12-12 21:40:59', '2020-12-12 21:40:59'),
(1001, NULL, 738143826, 0, NULL, '2020-12-12 21:40:59', '2020-12-12 21:40:59'),
(1001, NULL, 1717520556, 0, NULL, '2020-12-12 21:40:59', '2020-12-12 21:40:59'),
(1001, NULL, 118611927, 0, NULL, '2020-12-12 21:40:59', '2020-12-12 21:40:59'),
(1001, NULL, 1331805883, 0, NULL, '2020-12-12 21:40:59', '2020-12-12 21:40:59'),
(1001, NULL, 1370214456, 0, NULL, '2020-12-12 21:40:59', '2020-12-12 21:40:59'),
(1001, NULL, 1263735552, 0, NULL, '2020-12-12 21:40:59', '2020-12-12 21:40:59'),
(1001, NULL, 278286233, 0, NULL, '2020-12-12 21:40:59', '2020-12-12 21:40:59'),
(1001, NULL, 1697881492, 0, NULL, '2020-12-12 21:40:59', '2020-12-12 21:40:59'),
(1001, NULL, 2125043331, 0, NULL, '2020-12-12 21:40:59', '2020-12-12 21:40:59'),
(1001, NULL, 1887124786, 0, NULL, '2020-12-12 21:40:59', '2020-12-12 21:40:59'),
(1001, NULL, 689963521, 0, NULL, '2020-12-12 21:40:59', '2020-12-12 21:40:59'),
(1001, NULL, 1743641455, 0, NULL, '2020-12-12 21:40:59', '2020-12-12 21:40:59'),
(1001, NULL, 90161615, 0, NULL, '2020-12-12 21:40:59', '2020-12-12 21:40:59'),
(1001, NULL, 876002658, 0, NULL, '2020-12-12 21:40:59', '2020-12-12 21:40:59'),
(1001, NULL, 2047834307, 0, NULL, '2020-12-12 21:40:59', '2020-12-12 21:40:59'),
(1001, NULL, 2076738915, 0, NULL, '2020-12-12 21:42:11', '2020-12-12 21:42:11'),
(1001, NULL, 697003063, 0, NULL, '2020-12-12 21:42:11', '2020-12-12 21:42:11'),
(1001, NULL, 1892629158, 0, NULL, '2020-12-12 21:42:11', '2020-12-12 21:42:11'),
(1001, NULL, 734205317, 0, NULL, '2020-12-12 21:42:11', '2020-12-12 21:42:11'),
(1001, NULL, 654929606, 0, NULL, '2020-12-12 21:42:11', '2020-12-12 21:42:11'),
(1001, NULL, 277180584, 0, NULL, '2020-12-12 21:42:11', '2020-12-12 21:42:11'),
(1001, NULL, 881320869, 0, NULL, '2020-12-12 21:42:11', '2020-12-12 21:42:11'),
(1001, NULL, 868457211, 0, NULL, '2020-12-12 21:42:11', '2020-12-12 21:42:11'),
(1001, NULL, 1748675997, 0, NULL, '2020-12-12 21:42:11', '2020-12-12 21:42:11'),
(1001, NULL, 2068121894, 0, NULL, '2020-12-12 21:42:11', '2020-12-12 21:42:11'),
(1001, NULL, 928448809, 0, NULL, '2020-12-12 21:42:45', '2020-12-12 21:42:45'),
(1001, NULL, 1119586429, 0, NULL, '2020-12-12 21:42:45', '2020-12-12 21:42:45'),
(1001, NULL, 1403416928, 0, NULL, '2020-12-12 21:42:45', '2020-12-12 21:42:45'),
(1001, NULL, 522274860, 0, NULL, '2020-12-12 21:42:45', '2020-12-12 21:42:45'),
(1001, NULL, 1165817584, 0, NULL, '2020-12-12 21:42:45', '2020-12-12 21:42:45'),
(1001, NULL, 586180689, 0, NULL, '2020-12-12 21:42:45', '2020-12-12 21:42:45'),
(1001, NULL, 1189990441, 0, NULL, '2020-12-12 21:42:45', '2020-12-12 21:42:45'),
(1001, NULL, 1255365052, 0, NULL, '2020-12-12 21:42:45', '2020-12-12 21:42:45'),
(1001, NULL, 195599575, 0, NULL, '2020-12-12 21:42:45', '2020-12-12 21:42:45'),
(1001, NULL, 694056518, 0, NULL, '2020-12-12 21:42:45', '2020-12-12 21:42:45'),
(1001, NULL, 1204217614, 0, NULL, '2020-12-12 21:42:45', '2020-12-12 21:42:45'),
(1001, NULL, 1484924427, 0, NULL, '2020-12-12 21:42:45', '2020-12-12 21:42:45'),
(1001, NULL, 81920548, 0, NULL, '2020-12-12 21:42:58', '2020-12-12 21:42:58'),
(1001, NULL, 1376830430, 0, NULL, '2020-12-12 21:42:58', '2020-12-12 21:42:58'),
(1001, NULL, 971190420, 0, NULL, '2020-12-12 21:42:58', '2020-12-12 21:42:58'),
(1001, NULL, 234701865, 0, NULL, '2020-12-12 21:42:58', '2020-12-12 21:42:58'),
(1001, NULL, 1490835587, 0, NULL, '2020-12-12 21:42:58', '2020-12-12 21:42:58'),
(1001, NULL, 575640287, 0, NULL, '2020-12-12 21:42:58', '2020-12-12 21:42:58'),
(1001, NULL, 1699353383, 0, NULL, '2020-12-12 21:42:58', '2020-12-12 21:42:58'),
(1001, NULL, 1118191061, 0, NULL, '2020-12-12 21:42:58', '2020-12-12 21:42:58'),
(1001, NULL, 931501937, 0, NULL, '2020-12-12 21:42:58', '2020-12-12 21:42:58'),
(1001, NULL, 709043423, 0, NULL, '2020-12-12 21:42:58', '2020-12-12 21:42:58'),
(1001, NULL, 1703099110, 0, NULL, '2020-12-12 21:42:58', '2020-12-12 21:42:58'),
(1001, NULL, 1755557910, 0, NULL, '2020-12-12 21:42:58', '2020-12-12 21:42:58'),
(1001, NULL, 349465862, 0, NULL, '2020-12-12 21:45:36', '2020-12-12 21:45:36'),
(1001, NULL, 1461773276, 0, NULL, '2020-12-12 21:45:36', '2020-12-12 21:45:36'),
(1001, NULL, 1916130957, 0, NULL, '2020-12-12 21:45:36', '2020-12-12 21:45:36'),
(1001, NULL, 236359557, 0, NULL, '2020-12-12 21:45:36', '2020-12-12 21:45:36'),
(1001, NULL, 724312452, 0, NULL, '2020-12-12 21:45:36', '2020-12-12 21:45:36'),
(1001, NULL, 8687595, 0, NULL, '2020-12-12 21:45:36', '2020-12-12 21:45:36'),
(1001, NULL, 1383357476, 0, NULL, '2020-12-12 21:45:36', '2020-12-12 21:45:36'),
(1001, NULL, 55862277, 0, NULL, '2020-12-12 21:45:36', '2020-12-12 21:45:36'),
(1001, NULL, 1858474465, 0, NULL, '2020-12-12 21:45:36', '2020-12-12 21:45:36'),
(1001, NULL, 2045859552, 0, NULL, '2020-12-12 21:45:36', '2020-12-12 21:45:36'),
(1001, NULL, 492284260, 0, NULL, '2020-12-12 21:45:43', '2020-12-12 21:45:43'),
(1001, NULL, 1852105878, 0, NULL, '2020-12-12 21:45:43', '2020-12-12 21:45:43'),
(1001, NULL, 175434676, 0, NULL, '2020-12-12 21:45:43', '2020-12-12 21:45:43'),
(1001, NULL, 2108369404, 0, NULL, '2020-12-12 21:45:43', '2020-12-12 21:45:43'),
(1001, NULL, 1982515957, 0, NULL, '2020-12-12 21:45:43', '2020-12-12 21:45:43'),
(1001, NULL, 1882680031, 0, NULL, '2020-12-12 21:45:43', '2020-12-12 21:45:43'),
(1001, NULL, 749671337, 0, NULL, '2020-12-12 21:45:43', '2020-12-12 21:45:43'),
(1001, NULL, 1823682146, 0, NULL, '2020-12-12 21:45:43', '2020-12-12 21:45:43'),
(1001, NULL, 619514989, 0, NULL, '2020-12-12 21:45:43', '2020-12-12 21:45:43'),
(1001, NULL, 1114178111, 0, NULL, '2020-12-12 21:45:43', '2020-12-12 21:45:43'),
(1001, NULL, 1980430213, 0, NULL, '2020-12-12 21:45:44', '2020-12-12 21:45:44'),
(1001, NULL, 1784332279, 0, NULL, '2020-12-12 21:45:44', '2020-12-12 21:45:44'),
(1001, NULL, 1955982811, 0, NULL, '2020-12-12 21:45:44', '2020-12-12 21:45:44'),
(1001, NULL, 2129042613, 0, NULL, '2020-12-12 21:45:44', '2020-12-12 21:45:44'),
(1001, NULL, 1088678754, 0, NULL, '2020-12-12 21:45:44', '2020-12-12 21:45:44'),
(1001, NULL, 349402097, 0, NULL, '2020-12-12 21:45:44', '2020-12-12 21:45:44'),
(1001, NULL, 1260264263, 0, NULL, '2020-12-12 21:45:44', '2020-12-12 21:45:44'),
(1001, NULL, 1542778558, 0, NULL, '2020-12-12 21:45:44', '2020-12-12 21:45:44'),
(1001, NULL, 392557155, 0, NULL, '2020-12-12 21:45:44', '2020-12-12 21:45:44'),
(1001, NULL, 1708095714, 0, NULL, '2020-12-12 21:45:44', '2020-12-12 21:45:44'),
(1001, NULL, 7136730, 0, NULL, '2020-12-12 21:45:53', '2020-12-12 21:45:53'),
(1001, NULL, 342950541, 0, NULL, '2020-12-12 21:45:53', '2020-12-12 21:45:53'),
(1001, NULL, 30108933, 0, NULL, '2020-12-12 21:45:53', '2020-12-12 21:45:53'),
(1001, NULL, 980262012, 0, NULL, '2020-12-12 21:45:53', '2020-12-12 21:45:53'),
(1001, NULL, 795378616, 0, NULL, '2020-12-12 21:45:53', '2020-12-12 21:45:53'),
(1001, NULL, 82832581, 0, NULL, '2020-12-12 21:45:53', '2020-12-12 21:45:53'),
(1001, NULL, 1916382951, 0, NULL, '2020-12-12 21:45:53', '2020-12-12 21:45:53'),
(1001, NULL, 958774247, 0, NULL, '2020-12-12 21:45:53', '2020-12-12 21:45:53'),
(1001, NULL, 113734267, 0, NULL, '2020-12-12 21:45:54', '2020-12-12 21:45:54'),
(1001, NULL, 1093624900, 0, NULL, '2020-12-12 21:45:54', '2020-12-12 21:45:54'),
(1001, NULL, 696727377, 0, NULL, '2020-12-12 21:45:54', '2020-12-12 21:45:54'),
(1001, NULL, 242386238, 0, NULL, '2020-12-12 21:45:54', '2020-12-12 21:45:54'),
(1001, NULL, 1535132079, 0, NULL, '2020-12-12 21:45:54', '2020-12-12 21:45:54'),
(1001, NULL, 969006557, 0, NULL, '2020-12-12 21:45:54', '2020-12-12 21:45:54'),
(1001, NULL, 552192312, 0, NULL, '2020-12-12 21:45:54', '2020-12-12 21:45:54'),
(1001, NULL, 625299954, 0, NULL, '2020-12-12 21:45:54', '2020-12-12 21:45:54'),
(1001, NULL, 63780031, 0, NULL, '2020-12-12 21:45:55', '2020-12-12 21:45:55'),
(1001, NULL, 1219267832, 0, NULL, '2020-12-12 21:45:55', '2020-12-12 21:45:55'),
(1001, NULL, 1249386737, 0, NULL, '2020-12-12 21:45:55', '2020-12-12 21:45:55'),
(1001, NULL, 1847974139, 0, NULL, '2020-12-12 21:45:55', '2020-12-12 21:45:55'),
(1001, NULL, 1244962084, 0, NULL, '2020-12-12 21:45:55', '2020-12-12 21:45:55'),
(1001, NULL, 758982254, 0, NULL, '2020-12-12 21:45:55', '2020-12-12 21:45:55'),
(1001, NULL, 250256071, 0, NULL, '2020-12-12 21:45:55', '2020-12-12 21:45:55'),
(1001, NULL, 1613612176, 0, NULL, '2020-12-12 21:45:55', '2020-12-12 21:45:55'),
(1001, NULL, 188439680, 0, NULL, '2020-12-12 21:45:55', '2020-12-12 21:45:55'),
(1001, NULL, 1915159079, 0, NULL, '2020-12-12 21:45:55', '2020-12-12 21:45:55'),
(1001, NULL, 1051994367, 0, NULL, '2020-12-12 21:45:55', '2020-12-12 21:45:55'),
(1001, NULL, 700154332, 0, NULL, '2020-12-12 21:45:55', '2020-12-12 21:45:55'),
(1001, NULL, 1015708333, 0, NULL, '2020-12-12 21:45:55', '2020-12-12 21:45:55'),
(1001, NULL, 369349040, 0, NULL, '2020-12-12 21:45:55', '2020-12-12 21:45:55'),
(1001, NULL, 1882486963, 0, NULL, '2020-12-12 21:45:55', '2020-12-12 21:45:55'),
(1001, NULL, 963589914, 0, NULL, '2020-12-12 21:45:55', '2020-12-12 21:45:55'),
(1002, NULL, 54590050, 0, NULL, '2020-12-12 21:45:56', '2020-12-12 21:45:56'),
(1002, NULL, 1228072749, 0, NULL, '2020-12-12 21:45:56', '2020-12-12 21:45:56'),
(1002, NULL, 1901813732, 0, NULL, '2020-12-12 21:45:56', '2020-12-12 21:45:56'),
(1002, NULL, 777767496, 0, NULL, '2020-12-12 21:45:56', '2020-12-12 21:45:56'),
(1002, NULL, 1745207488, 0, NULL, '2020-12-12 21:45:56', '2020-12-12 21:45:56'),
(1002, NULL, 125710918, 0, NULL, '2020-12-12 21:45:56', '2020-12-12 21:45:56'),
(1002, NULL, 1563343703, 0, NULL, '2020-12-12 21:45:56', '2020-12-12 21:45:56'),
(1002, NULL, 1295814604, 0, NULL, '2020-12-12 21:45:56', '2020-12-12 21:45:56'),
(1002, NULL, 787634206, 0, NULL, '2020-12-12 21:45:56', '2020-12-12 21:45:56'),
(1002, NULL, 1809744666, 0, NULL, '2020-12-12 21:45:56', '2020-12-12 21:45:56'),
(1002, NULL, 639816, 0, NULL, '2020-12-12 21:45:56', '2020-12-12 21:45:56'),
(1002, NULL, 1143920367, 0, NULL, '2020-12-12 21:45:56', '2020-12-12 21:45:56'),
(1002, NULL, 1826579302, 0, NULL, '2020-12-12 21:45:56', '2020-12-12 21:45:56'),
(1002, NULL, 229090699, 0, NULL, '2020-12-12 21:45:56', '2020-12-12 21:45:56'),
(1002, NULL, 9014506, 0, NULL, '2020-12-12 21:45:56', '2020-12-12 21:45:56'),
(1002, NULL, 899282817, 0, NULL, '2020-12-12 21:45:56', '2020-12-12 21:45:56'),
(1002, NULL, 1784148222, 0, NULL, '2020-12-12 21:45:56', '2020-12-12 21:45:56'),
(1002, NULL, 1262650606, 0, NULL, '2020-12-12 21:45:56', '2020-12-12 21:45:56'),
(1002, NULL, 489600614, 0, NULL, '2020-12-12 21:45:56', '2020-12-12 21:45:56'),
(1002, NULL, 1070637606, 0, NULL, '2020-12-12 21:45:56', '2020-12-12 21:45:56'),
(1002, NULL, 842601759, 0, NULL, '2020-12-12 21:45:56', '2020-12-12 21:45:56'),
(1002, NULL, 1112443755, 0, NULL, '2020-12-12 21:45:56', '2020-12-12 21:45:56'),
(1002, NULL, 1895377305, 0, NULL, '2020-12-12 21:45:56', '2020-12-12 21:45:56'),
(1002, NULL, 992181460, 0, NULL, '2020-12-12 21:45:56', '2020-12-12 21:45:56'),
(1002, NULL, 205470680, 0, NULL, '2020-12-12 21:45:57', '2020-12-12 21:45:57'),
(1002, NULL, 329290627, 0, NULL, '2020-12-12 21:45:57', '2020-12-12 21:45:57'),
(1002, NULL, 1189248625, 0, NULL, '2020-12-12 21:45:57', '2020-12-12 21:45:57'),
(1002, NULL, 104075741, 0, NULL, '2020-12-12 21:45:57', '2020-12-12 21:45:57'),
(1002, NULL, 1618581271, 0, NULL, '2020-12-12 21:45:57', '2020-12-12 21:45:57'),
(1002, NULL, 624329448, 0, NULL, '2020-12-12 21:45:57', '2020-12-12 21:45:57'),
(1002, NULL, 1854863182, 0, NULL, '2020-12-12 21:45:57', '2020-12-12 21:45:57'),
(1002, NULL, 1849538469, 0, NULL, '2020-12-12 21:45:57', '2020-12-12 21:45:57'),
(1003, NULL, 1554085933, 0, NULL, '2020-12-12 21:46:00', '2020-12-12 21:46:00'),
(1003, NULL, 991963316, 0, NULL, '2020-12-12 21:46:00', '2020-12-12 21:46:00'),
(1003, NULL, 2069305429, 0, NULL, '2020-12-12 21:46:00', '2020-12-12 21:46:00'),
(1003, NULL, 852104500, 0, NULL, '2020-12-12 21:46:00', '2020-12-12 21:46:00'),
(1003, NULL, 1621602345, 0, NULL, '2020-12-12 21:46:00', '2020-12-12 21:46:00'),
(1003, NULL, 474238182, 0, NULL, '2020-12-12 21:46:00', '2020-12-12 21:46:00'),
(1003, NULL, 297261329, 0, NULL, '2020-12-12 21:46:00', '2020-12-12 21:46:00'),
(1003, NULL, 177920517, 0, NULL, '2020-12-12 21:46:00', '2020-12-12 21:46:00'),
(1003, NULL, 1578260910, 0, NULL, '2020-12-12 21:46:00', '2020-12-12 21:46:00'),
(1003, NULL, 1200697057, 0, NULL, '2020-12-12 21:46:00', '2020-12-12 21:46:00'),
(1003, NULL, 1282416786, 0, NULL, '2020-12-12 21:46:00', '2020-12-12 21:46:00'),
(1003, NULL, 745907737, 0, NULL, '2020-12-12 21:46:00', '2020-12-12 21:46:00'),
(1003, NULL, 1972045397, 0, NULL, '2020-12-12 21:46:00', '2020-12-12 21:46:00'),
(1003, NULL, 866819833, 0, NULL, '2020-12-12 21:46:00', '2020-12-12 21:46:00'),
(1003, NULL, 2044813741, 0, NULL, '2020-12-12 21:46:00', '2020-12-12 21:46:00'),
(1003, NULL, 1798044698, 0, NULL, '2020-12-12 21:46:00', '2020-12-12 21:46:00'),
(1001, NULL, 1860751030, 0, NULL, '2020-12-12 21:46:33', '2020-12-12 21:46:33'),
(1001, NULL, 941134134, 0, NULL, '2020-12-12 21:46:33', '2020-12-12 21:46:33'),
(1001, NULL, 1033331499, 0, NULL, '2020-12-12 21:46:33', '2020-12-12 21:46:33'),
(1001, NULL, 1457557899, 0, NULL, '2020-12-12 21:46:33', '2020-12-12 21:46:33'),
(1001, NULL, 1539049146, 0, NULL, '2020-12-12 21:46:33', '2020-12-12 21:46:33'),
(1001, NULL, 1102643339, 0, NULL, '2020-12-12 21:46:33', '2020-12-12 21:46:33'),
(1001, NULL, 97792277, 0, NULL, '2020-12-12 21:46:33', '2020-12-12 21:46:33'),
(1001, NULL, 2089192088, 0, NULL, '2020-12-12 21:46:33', '2020-12-12 21:46:33'),
(1001, NULL, 821731813, 0, NULL, '2020-12-12 21:46:33', '2020-12-12 21:46:33'),
(1001, NULL, 790036870, 0, NULL, '2020-12-12 21:46:33', '2020-12-12 21:46:33'),
(1001, NULL, 1653413818, 0, NULL, '2020-12-12 21:47:19', '2020-12-12 21:47:19'),
(1001, NULL, 2006044362, 0, NULL, '2020-12-12 21:47:19', '2020-12-12 21:47:19'),
(1001, NULL, 832585179, 0, NULL, '2020-12-12 21:47:19', '2020-12-12 21:47:19'),
(1001, NULL, 722864244, 0, NULL, '2020-12-12 21:47:19', '2020-12-12 21:47:19'),
(1001, NULL, 1535529855, 0, NULL, '2020-12-12 21:47:19', '2020-12-12 21:47:19'),
(1001, NULL, 202419925, 0, NULL, '2020-12-12 21:47:19', '2020-12-12 21:47:19'),
(1001, NULL, 1438144547, 0, NULL, '2020-12-12 21:47:19', '2020-12-12 21:47:19'),
(1001, NULL, 267520557, 0, NULL, '2020-12-12 21:47:19', '2020-12-12 21:47:19'),
(1001, NULL, 1959168103, 0, NULL, '2020-12-12 21:47:19', '2020-12-12 21:47:19'),
(1001, NULL, 2056964516, 0, NULL, '2020-12-12 21:47:19', '2020-12-12 21:47:19'),
(1001, NULL, 1479660514, 0, NULL, '2020-12-12 21:47:30', '2020-12-12 21:47:30'),
(1001, NULL, 1912358129, 0, NULL, '2020-12-12 21:48:41', '2020-12-12 21:48:41'),
(1001, NULL, 1630946398, 0, NULL, '2020-12-12 21:48:41', '2020-12-12 21:48:41'),
(1001, NULL, 1618650903, 0, NULL, '2020-12-12 21:48:41', '2020-12-12 21:48:41'),
(1001, NULL, 102110728, 0, NULL, '2020-12-12 21:48:41', '2020-12-12 21:48:41'),
(1001, NULL, 1249492060, 0, NULL, '2020-12-12 21:48:41', '2020-12-12 21:48:41'),
(1001, NULL, 1672639453, 0, NULL, '2020-12-12 21:48:41', '2020-12-12 21:48:41'),
(1001, NULL, 115295540, 0, NULL, '2020-12-12 21:48:41', '2020-12-12 21:48:41'),
(1001, NULL, 730649772, 0, NULL, '2020-12-12 21:48:41', '2020-12-12 21:48:41'),
(1001, NULL, 668250533, 0, NULL, '2020-12-12 21:48:41', '2020-12-12 21:48:41'),
(1001, NULL, 1923249698, 0, NULL, '2020-12-12 21:48:41', '2020-12-12 21:48:41'),
(1001, NULL, 2085111152, 0, NULL, '2020-12-12 21:50:30', '2020-12-12 21:50:30'),
(1001, NULL, 441157722, 0, NULL, '2020-12-12 21:50:30', '2020-12-12 21:50:30'),
(1001, NULL, 698983344, 0, NULL, '2020-12-12 21:50:30', '2020-12-12 21:50:30'),
(1001, NULL, 87939962, 0, NULL, '2020-12-12 21:50:30', '2020-12-12 21:50:30'),
(1001, NULL, 394494588, 0, NULL, '2020-12-12 21:50:30', '2020-12-12 21:50:30'),
(1001, NULL, 1399061654, 0, NULL, '2020-12-12 21:50:30', '2020-12-12 21:50:30'),
(1001, NULL, 949130088, 0, NULL, '2020-12-12 21:50:30', '2020-12-12 21:50:30'),
(1001, NULL, 1339526058, 0, NULL, '2020-12-12 21:50:30', '2020-12-12 21:50:30'),
(1001, NULL, 140781419, 0, NULL, '2020-12-12 21:50:30', '2020-12-12 21:50:30'),
(1001, NULL, 692012152, 0, NULL, '2020-12-12 21:50:30', '2020-12-12 21:50:30'),
(1001, NULL, 1968252743, 0, NULL, '2020-12-12 21:50:41', '2020-12-12 21:50:41'),
(1001, NULL, 641024011, 0, NULL, '2020-12-12 21:50:41', '2020-12-12 21:50:41'),
(1001, NULL, 280917392, 0, NULL, '2020-12-12 21:50:41', '2020-12-12 21:50:41'),
(1001, NULL, 246690561, 0, NULL, '2020-12-12 21:50:41', '2020-12-12 21:50:41'),
(1001, NULL, 1642174269, 0, NULL, '2020-12-12 21:50:41', '2020-12-12 21:50:41'),
(1001, NULL, 1353090834, 0, NULL, '2020-12-12 21:50:41', '2020-12-12 21:50:41'),
(1001, NULL, 1089710882, 0, NULL, '2020-12-12 21:50:41', '2020-12-12 21:50:41'),
(1001, NULL, 450191367, 0, NULL, '2020-12-12 21:50:41', '2020-12-12 21:50:41'),
(1001, NULL, 1355197262, 0, NULL, '2020-12-12 21:50:41', '2020-12-12 21:50:41'),
(1001, NULL, 693267200, 0, NULL, '2020-12-12 21:50:41', '2020-12-12 21:50:41'),
(1002, NULL, 1258100987, 0, NULL, '2020-12-12 21:57:47', '2020-12-12 21:57:47'),
(1002, NULL, 276645229, 0, NULL, '2020-12-12 21:57:47', '2020-12-12 21:57:47'),
(1002, NULL, 25388128, 0, NULL, '2020-12-12 21:57:47', '2020-12-12 21:57:47'),
(1002, NULL, 1307263612, 0, NULL, '2020-12-12 21:57:47', '2020-12-12 21:57:47'),
(1002, NULL, 508593871, 0, NULL, '2020-12-12 21:57:47', '2020-12-12 21:57:47'),
(1002, NULL, 877969893, 0, NULL, '2020-12-12 21:57:47', '2020-12-12 21:57:47'),
(1002, NULL, 595383789, 0, NULL, '2020-12-12 21:57:47', '2020-12-12 21:57:47'),
(1002, NULL, 1995155053, 0, NULL, '2020-12-12 21:57:47', '2020-12-12 21:57:47'),
(1002, NULL, 1931274127, 0, NULL, '2020-12-12 21:57:47', '2020-12-12 21:57:47'),
(1002, NULL, 1115445608, 0, NULL, '2020-12-12 21:57:47', '2020-12-12 21:57:47'),
(1001, NULL, 1863648924, 0, NULL, '2020-12-12 21:58:01', '2020-12-12 21:58:01'),
(1001, NULL, 775006818, 0, NULL, '2020-12-12 21:58:01', '2020-12-12 21:58:01'),
(1001, NULL, 1311374331, 0, NULL, '2020-12-12 21:58:01', '2020-12-12 21:58:01'),
(1001, NULL, 982399287, 0, NULL, '2020-12-12 21:58:01', '2020-12-12 21:58:01'),
(1001, NULL, 1586275412, 0, NULL, '2020-12-12 21:58:01', '2020-12-12 21:58:01'),
(1001, NULL, 2038001887, 0, NULL, '2020-12-12 21:58:01', '2020-12-12 21:58:01'),
(1001, NULL, 1761983739, 0, NULL, '2020-12-12 21:58:01', '2020-12-12 21:58:01'),
(1001, NULL, 1572155823, 0, NULL, '2020-12-12 21:58:01', '2020-12-12 21:58:01'),
(1001, NULL, 1935578252, 0, NULL, '2020-12-12 21:58:01', '2020-12-12 21:58:01'),
(1001, NULL, 1601897612, 0, NULL, '2020-12-12 21:58:01', '2020-12-12 21:58:01'),
(1002, NULL, 1307871941, 0, NULL, '2020-12-12 21:58:59', '2020-12-12 21:58:59'),
(1002, NULL, 1365558684, 0, NULL, '2020-12-12 21:58:59', '2020-12-12 21:58:59'),
(1002, NULL, 445414345, 0, NULL, '2020-12-12 21:58:59', '2020-12-12 21:58:59'),
(1002, NULL, 1469298487, 0, NULL, '2020-12-12 21:58:59', '2020-12-12 21:58:59'),
(1002, NULL, 968198706, 0, NULL, '2020-12-12 21:58:59', '2020-12-12 21:58:59'),
(1002, NULL, 408065792, 0, NULL, '2020-12-12 21:58:59', '2020-12-12 21:58:59'),
(1002, NULL, 764163108, 0, NULL, '2020-12-12 21:58:59', '2020-12-12 21:58:59'),
(1002, NULL, 142690018, 0, NULL, '2020-12-12 21:58:59', '2020-12-12 21:58:59'),
(1002, NULL, 616743474, 0, NULL, '2020-12-12 21:58:59', '2020-12-12 21:58:59'),
(1002, NULL, 364393361, 0, NULL, '2020-12-12 21:58:59', '2020-12-12 21:58:59'),
(1001, NULL, 2128646079, 0, NULL, '2020-12-12 21:59:08', '2020-12-12 21:59:08'),
(1014, NULL, 1717640299, 0, NULL, '2020-12-12 22:01:15', '2020-12-12 22:01:15'),
(1014, NULL, 1112820926, 0, NULL, '2020-12-12 22:01:15', '2020-12-12 22:01:15'),
(1014, NULL, 1869298255, 0, NULL, '2020-12-12 22:01:15', '2020-12-12 22:01:15'),
(1014, NULL, 661321978, 0, NULL, '2020-12-12 22:01:15', '2020-12-12 22:01:15'),
(1014, NULL, 2127537161, 0, NULL, '2020-12-12 22:01:15', '2020-12-12 22:01:15'),
(1014, NULL, 1812389977, 0, NULL, '2020-12-12 22:01:15', '2020-12-12 22:01:15'),
(1014, NULL, 345099805, 0, NULL, '2020-12-12 22:01:15', '2020-12-12 22:01:15'),
(1014, NULL, 1808649866, 0, NULL, '2020-12-12 22:01:15', '2020-12-12 22:01:15'),
(1014, NULL, 1113479202, 0, NULL, '2020-12-12 22:01:15', '2020-12-12 22:01:15'),
(1014, NULL, 1497512061, 0, NULL, '2020-12-12 22:01:15', '2020-12-12 22:01:15'),
(1014, NULL, 368607087, 0, NULL, '2020-12-12 22:01:19', '2020-12-12 22:01:19'),
(1014, NULL, 123857789, 0, NULL, '2020-12-12 22:01:19', '2020-12-12 22:01:19'),
(1014, NULL, 1284584808, 0, NULL, '2020-12-12 22:01:19', '2020-12-12 22:01:19'),
(1014, NULL, 2102883904, 0, NULL, '2020-12-12 22:01:19', '2020-12-12 22:01:19'),
(1014, NULL, 343759780, 0, NULL, '2020-12-12 22:01:19', '2020-12-12 22:01:19'),
(1014, NULL, 550432395, 0, NULL, '2020-12-12 22:01:19', '2020-12-12 22:01:19'),
(1014, NULL, 1244623326, 0, NULL, '2020-12-12 22:01:19', '2020-12-12 22:01:19'),
(1014, NULL, 1369834725, 0, NULL, '2020-12-12 22:01:19', '2020-12-12 22:01:19'),
(1014, NULL, 670127317, 0, NULL, '2020-12-12 22:01:19', '2020-12-12 22:01:19'),
(1014, NULL, 1441329868, 0, NULL, '2020-12-12 22:01:19', '2020-12-12 22:01:19'),
(1014, NULL, 1428370262, 0, NULL, '2020-12-12 22:01:30', '2020-12-12 22:01:30'),
(1014, NULL, 1174111217, 0, NULL, '2020-12-12 22:01:30', '2020-12-12 22:01:30'),
(1014, NULL, 616897713, 0, NULL, '2020-12-12 22:01:30', '2020-12-12 22:01:30'),
(1014, NULL, 1415320529, 0, NULL, '2020-12-12 22:01:30', '2020-12-12 22:01:30'),
(1014, NULL, 1334036468, 0, NULL, '2020-12-12 22:01:30', '2020-12-12 22:01:30'),
(1014, NULL, 1141732221, 0, NULL, '2020-12-12 22:01:30', '2020-12-12 22:01:30'),
(1014, NULL, 920255438, 0, NULL, '2020-12-12 22:01:30', '2020-12-12 22:01:30'),
(1014, NULL, 2137603972, 0, NULL, '2020-12-12 22:01:30', '2020-12-12 22:01:30'),
(1014, NULL, 1197434466, 0, NULL, '2020-12-12 22:01:30', '2020-12-12 22:01:30'),
(1014, NULL, 2132482216, 0, NULL, '2020-12-12 22:01:30', '2020-12-12 22:01:30'),
(1014, NULL, 626706703, 0, NULL, '2020-12-12 22:01:39', '2020-12-12 22:01:39'),
(1014, NULL, 1076581671, 0, NULL, '2020-12-12 22:01:39', '2020-12-12 22:01:39'),
(1014, NULL, 1824503052, 0, NULL, '2020-12-12 22:01:39', '2020-12-12 22:01:39'),
(1014, NULL, 1358512407, 0, NULL, '2020-12-12 22:01:39', '2020-12-12 22:01:39'),
(1014, NULL, 1648172630, 0, NULL, '2020-12-12 22:01:39', '2020-12-12 22:01:39'),
(1014, NULL, 69314826, 0, NULL, '2020-12-12 22:01:39', '2020-12-12 22:01:39'),
(1014, NULL, 618704766, 0, NULL, '2020-12-12 22:01:39', '2020-12-12 22:01:39'),
(1014, NULL, 1501348954, 0, NULL, '2020-12-12 22:01:39', '2020-12-12 22:01:39'),
(1014, NULL, 1303818206, 0, NULL, '2020-12-12 22:01:39', '2020-12-12 22:01:39'),
(1014, NULL, 598818703, 0, NULL, '2020-12-12 22:01:39', '2020-12-12 22:01:39'),
(1001, NULL, 1623197901, 0, NULL, '2020-12-12 22:01:52', '2020-12-12 22:01:52'),
(1001, NULL, 1728695063, 0, NULL, '2020-12-12 22:41:08', '2020-12-12 22:41:08');
INSERT INTO `cod_courses` (`courses_id`, `name`, `cod`, `status`, `admin_id`, `created_at`, `updated_at`) VALUES
(1001, NULL, 1505413646, 0, NULL, '2020-12-12 22:41:08', '2020-12-12 22:41:08'),
(1001, NULL, 1620858034, 0, NULL, '2020-12-12 22:41:08', '2020-12-12 22:41:08'),
(1001, NULL, 1201315005, 0, NULL, '2020-12-12 22:41:08', '2020-12-12 22:41:08'),
(1001, NULL, 21212018, 0, NULL, '2020-12-12 22:41:09', '2020-12-12 22:41:09'),
(1001, NULL, 194898153, 0, NULL, '2020-12-12 22:41:24', '2020-12-12 22:41:24'),
(1001, NULL, 1263972390, 0, NULL, '2020-12-12 22:41:24', '2020-12-12 22:41:24'),
(1001, NULL, 1343512995, 0, NULL, '2020-12-12 22:41:24', '2020-12-12 22:41:24'),
(1001, NULL, 402004038, 0, NULL, '2020-12-12 22:41:24', '2020-12-12 22:41:24'),
(1001, NULL, 1761402530, 0, NULL, '2020-12-12 22:41:24', '2020-12-12 22:41:24'),
(1001, NULL, 258010442, 0, NULL, '2020-12-12 22:48:00', '2020-12-12 22:48:00'),
(1001, NULL, 88043225, 0, NULL, '2020-12-12 22:48:44', '2020-12-12 22:48:44'),
(1005, NULL, 1614302887, 0, NULL, '2020-12-12 22:48:53', '2020-12-12 22:48:53'),
(1002, NULL, 1697467855, 0, NULL, '2020-12-12 22:49:21', '2020-12-12 22:49:21'),
(1002, NULL, 1905270658, 0, NULL, '2020-12-12 22:51:25', '2020-12-12 22:51:25'),
(1003, NULL, 1209725619, 0, NULL, '2020-12-12 22:51:28', '2020-12-12 22:51:28'),
(1003, NULL, 2073533825, 0, NULL, '2020-12-12 22:51:31', '2020-12-12 22:51:31'),
(1001, NULL, 821373977, 0, NULL, '2020-12-12 22:51:35', '2020-12-12 22:51:35'),
(1001, NULL, 28611998, 0, NULL, '2020-12-12 22:52:52', '2020-12-12 22:52:52'),
(1002, NULL, 2097119876, 0, NULL, '2020-12-12 22:52:59', '2020-12-12 22:52:59'),
(1001, NULL, 1056663316, 0, NULL, '2020-12-13 03:58:59', '2020-12-13 03:58:59'),
(1002, NULL, 1492878677, 0, NULL, '2020-12-13 04:08:37', '2020-12-13 04:08:37'),
(1002, NULL, 16607644, 0, NULL, '2020-12-13 04:09:56', '2020-12-13 04:09:56'),
(1003, NULL, 396310570, 0, NULL, '2020-12-13 04:13:10', '2020-12-13 04:13:10'),
(1002, NULL, 1182718486, 0, NULL, '2020-12-13 04:15:05', '2020-12-13 04:15:05'),
(1009, NULL, 845239815, 0, NULL, '2020-12-13 08:49:02', '2020-12-13 08:49:02'),
(1012, NULL, 1520679219, 0, NULL, '2020-12-13 08:49:07', '2020-12-13 08:49:07'),
(1004, NULL, 267132820, 0, NULL, '2020-12-13 08:49:48', '2020-12-13 08:49:48'),
(1012, NULL, 665631870, 0, NULL, '2020-12-13 08:49:55', '2020-12-13 08:49:55'),
(1011, NULL, 1484756133, 0, NULL, '2020-12-13 08:51:31', '2020-12-13 08:51:31'),
(1011, NULL, 1884806626, 0, NULL, '2020-12-13 08:51:31', '2020-12-13 08:51:31'),
(1001, NULL, 1306014311, 0, NULL, '2020-12-13 09:01:18', '2020-12-13 09:01:18'),
(1001, NULL, 1078819386, 0, NULL, '2020-12-13 09:01:22', '2020-12-13 09:01:22'),
(1002, NULL, 1618221636, 0, NULL, '2020-12-13 10:00:16', '2020-12-13 10:00:16'),
(1002, NULL, 832991112, 0, NULL, '2020-12-13 10:00:17', '2020-12-13 10:00:17'),
(1002, NULL, 974748060, 0, NULL, '2020-12-13 10:00:18', '2020-12-13 10:00:18'),
(1001, NULL, 1457237270, 0, NULL, '2020-12-13 10:01:05', '2020-12-13 10:01:05'),
(1001, NULL, 1935396264, 0, NULL, '2020-12-13 10:01:05', '2020-12-13 10:01:05'),
(1001, NULL, 1793377502, 0, NULL, '2020-12-13 10:01:06', '2020-12-13 10:01:06'),
(1001, NULL, 659041515, 0, NULL, '2020-12-13 10:01:06', '2020-12-13 10:01:06'),
(1001, NULL, 1286285205, 0, NULL, '2020-12-13 10:01:12', '2020-12-13 10:01:12'),
(1001, NULL, 1809890701, 0, NULL, '2020-12-13 10:01:45', '2020-12-13 10:01:45'),
(1002, NULL, 384262081, 0, NULL, '2020-12-13 10:01:50', '2020-12-13 10:01:50'),
(1002, NULL, 1423229171, 0, NULL, '2020-12-13 10:01:50', '2020-12-13 10:01:50'),
(1002, NULL, 293625759, 0, NULL, '2020-12-13 10:01:53', '2020-12-13 10:01:53'),
(1002, NULL, 1080594318, 0, NULL, '2020-12-13 10:01:53', '2020-12-13 10:01:53'),
(1001, NULL, 1861735071, 0, NULL, '2020-12-13 10:17:47', '2020-12-13 10:17:47'),
(1001, NULL, 1969507357, 0, NULL, '2020-12-13 10:17:47', '2020-12-13 10:17:47'),
(1002, NULL, 1061441499, 0, NULL, '2020-12-13 10:17:53', '2020-12-13 10:17:53'),
(1002, NULL, 1416957580, 0, NULL, '2020-12-13 10:17:53', '2020-12-13 10:17:53'),
(1002, NULL, 2114600624, 0, NULL, '2020-12-13 10:17:53', '2020-12-13 10:17:53'),
(1003, NULL, 484938101, 0, NULL, '2020-12-13 10:18:00', '2020-12-13 10:18:00'),
(1003, NULL, 1030311588, 0, NULL, '2020-12-13 10:18:00', '2020-12-13 10:18:00'),
(1003, NULL, 268024236, 0, NULL, '2020-12-13 10:18:00', '2020-12-13 10:18:00'),
(1003, NULL, 1768768932, 0, NULL, '2020-12-13 10:18:00', '2020-12-13 10:18:00'),
(1005, NULL, 968307643, 0, NULL, '2020-12-13 10:18:14', '2020-12-13 10:18:14'),
(1005, NULL, 1988060627, 0, NULL, '2020-12-13 10:18:14', '2020-12-13 10:18:14'),
(1001, NULL, 790244328, 0, NULL, '2020-12-13 10:26:12', '2020-12-13 10:26:12'),
(1001, NULL, 949399220, 0, NULL, '2020-12-13 21:51:16', '2020-12-13 21:51:16'),
(1001, NULL, 1263519071, 0, NULL, '2020-12-13 22:00:02', '2020-12-13 22:00:02'),
(1001, NULL, 965899809, 0, NULL, '2020-12-13 22:00:43', '2020-12-13 22:00:43'),
(1001, NULL, 783359051, 0, NULL, '2020-12-14 01:48:07', '2020-12-14 01:48:07'),
(1001, NULL, 1950702269, 0, NULL, '2020-12-14 18:48:12', '2020-12-14 18:48:12'),
(1002, NULL, 1036557973, 0, NULL, '2020-12-14 18:48:28', '2020-12-14 18:48:28'),
(1006, NULL, 270380464, 0, NULL, '2020-12-14 18:48:42', '2020-12-14 18:48:42'),
(1002, NULL, 941531835, 0, NULL, '2020-12-14 18:51:08', '2020-12-14 18:51:08'),
(1001, NULL, 1076617143, 0, NULL, '2020-12-14 18:52:00', '2020-12-14 18:52:00'),
(1002, NULL, 525052995, 0, NULL, '2020-12-14 18:52:12', '2020-12-14 18:52:12'),
(1001, NULL, 393314272, 0, NULL, '2020-12-14 18:52:18', '2020-12-14 18:52:18'),
(1001, NULL, 1910265454, 0, NULL, '2020-12-14 18:53:59', '2020-12-14 18:53:59'),
(1006, NULL, 771821549, 0, NULL, '2020-12-14 18:56:41', '2020-12-14 18:56:41'),
(1006, NULL, 939130078, 0, NULL, '2020-12-14 18:56:41', '2020-12-14 18:56:41'),
(1001, NULL, 673159640, 0, NULL, '2020-12-14 21:20:35', '2020-12-14 21:20:35'),
(1002, NULL, 1566041896, 0, NULL, '2020-12-14 21:24:23', '2020-12-14 21:24:23'),
(1001, NULL, 1945223589, 0, NULL, '2020-12-14 21:24:35', '2020-12-14 21:24:35'),
(1001, NULL, 1411510945, 0, NULL, '2020-12-14 21:26:52', '2020-12-14 21:26:52'),
(1001, NULL, 328342287, 0, NULL, '2020-12-14 21:26:52', '2020-12-14 21:26:52'),
(1001, NULL, 2000209505, 0, NULL, '2020-12-14 21:31:23', '2020-12-14 21:31:23'),
(1002, NULL, 435001867, 0, NULL, '2020-12-14 21:31:41', '2020-12-14 21:31:41'),
(1002, NULL, 944227502, 0, NULL, '2020-12-14 21:31:41', '2020-12-14 21:31:41'),
(1001, NULL, 820035362, 0, NULL, '2020-12-14 21:31:52', '2020-12-14 21:31:52'),
(1001, NULL, 1786789509, 0, NULL, '2020-12-14 21:31:52', '2020-12-14 21:31:52'),
(1010, NULL, 1396712385, 0, NULL, '2020-12-14 21:32:08', '2020-12-14 21:32:08'),
(1006, NULL, 587929124, 0, NULL, '2020-12-14 21:32:20', '2020-12-14 21:32:20'),
(1001, NULL, 488350523, 0, NULL, '2020-12-14 21:35:32', '2020-12-14 21:35:32'),
(1012, NULL, 364935855, 0, NULL, '2020-12-14 21:36:30', '2020-12-14 21:36:30'),
(1001, NULL, 892981236, 0, NULL, '2020-12-14 21:38:07', '2020-12-14 21:38:07'),
(1001, NULL, 322136243, 0, NULL, '2020-12-14 21:39:47', '2020-12-14 21:39:47'),
(1001, NULL, 1080469206, 0, NULL, '2020-12-14 21:40:40', '2020-12-14 21:40:40'),
(1002, NULL, 436091007, 0, NULL, '2020-12-14 21:40:48', '2020-12-14 21:40:48'),
(1002, NULL, 299426144, 0, NULL, '2020-12-14 21:40:48', '2020-12-14 21:40:48'),
(1001, NULL, 1232151057, 0, NULL, '2020-12-14 21:57:24', '2020-12-14 21:57:24'),
(1011, NULL, 496189626, 0, NULL, '2020-12-14 21:57:30', '2020-12-14 21:57:30'),
(1014, NULL, 478068651, 0, NULL, '2020-12-14 21:57:34', '2020-12-14 21:57:34'),
(1002, NULL, 1326072433, 0, NULL, '2020-12-14 21:57:42', '2020-12-14 21:57:42'),
(1002, NULL, 1315430483, 0, NULL, '2020-12-14 21:59:24', '2020-12-14 21:59:24'),
(1001, NULL, 1440397014, 0, NULL, '2020-12-15 05:25:30', '2020-12-15 05:25:30'),
(1012, NULL, 1632046491, 0, NULL, '2020-12-16 02:27:23', '2020-12-16 02:27:23'),
(1001, NULL, 2136329071, 0, NULL, '2020-12-18 20:24:01', '2020-12-18 20:24:01'),
(1001, NULL, 1324440500, 0, NULL, '2020-12-18 20:24:01', '2020-12-18 20:24:01'),
(1001, NULL, 914162131, 0, NULL, '2020-12-23 06:22:37', '2020-12-23 06:22:37'),
(1001, NULL, 1963129818, 0, NULL, '2020-12-23 22:03:38', '2020-12-23 22:03:38'),
(1001, NULL, 1458474683, 0, NULL, '2020-12-23 22:05:24', '2020-12-23 22:05:24'),
(1009, NULL, 1860183903, 0, NULL, '2020-12-23 22:06:23', '2020-12-23 22:06:23');

-- --------------------------------------------------------

--
-- Cấu trúc bảng cho bảng `comment`
--

DROP TABLE IF EXISTS `comment`;
CREATE TABLE IF NOT EXISTS `comment` (
  `id` int(10) UNSIGNED NOT NULL AUTO_INCREMENT,
  `users_id` bigint(20) UNSIGNED DEFAULT NULL,
  `course_id` bigint(20) UNSIGNED DEFAULT NULL,
  `learn_id` bigint(20) UNSIGNED DEFAULT NULL,
  `content` text COLLATE utf8mb4_unicode_ci DEFAULT NULL,
  `remember_token` varchar(100) COLLATE utf8mb4_unicode_ci DEFAULT NULL,
  `created_at` timestamp NULL DEFAULT NULL,
  `updated_at` timestamp NULL DEFAULT NULL,
  PRIMARY KEY (`id`)
) ENGINE=MyISAM AUTO_INCREMENT=23 DEFAULT CHARSET=utf8mb4 COLLATE=utf8mb4_unicode_ci;

--
-- Đang đổ dữ liệu cho bảng `comment`
--

INSERT INTO `comment` (`id`, `users_id`, `course_id`, `learn_id`, `content`, `remember_token`, `created_at`, `updated_at`) VALUES
(22, 38, NULL, 116, 'bài viết rất hay', NULL, '2020-12-23 06:49:18', '2020-12-23 06:49:18'),
(21, 3, NULL, 116, 'bài viết rất hay', NULL, '2020-12-23 02:57:06', '2020-12-23 02:57:06'),
(20, 3, NULL, 121, 'bài viết rất hay', NULL, '2020-12-23 02:55:33', '2020-12-23 02:55:33'),
(19, 3, NULL, 116, '333', NULL, '2020-12-22 10:15:13', '2020-12-22 10:15:13'),
(18, 3, NULL, 116, '333', NULL, '2020-12-22 10:14:54', '2020-12-22 10:14:54'),
(17, 3, NULL, 127, '333', NULL, '2020-12-22 10:14:48', '2020-12-22 10:14:48'),
(16, 3, NULL, 202, '333', NULL, '2020-12-22 10:14:33', '2020-12-22 10:14:33');

-- --------------------------------------------------------

--
-- Cấu trúc bảng cho bảng `courses`
--

DROP TABLE IF EXISTS `courses`;
CREATE TABLE IF NOT EXISTS `courses` (
  `id` int(11) NOT NULL AUTO_INCREMENT,
  `group_courses_id` text COLLATE utf8mb4_unicode_ci DEFAULT NULL,
  `name` varchar(255) COLLATE utf8mb4_unicode_ci NOT NULL,
  `sort` varchar(25) COLLATE utf8mb4_unicode_ci DEFAULT NULL,
  `status` tinyint(4) DEFAULT NULL,
  `images` varchar(255) COLLATE utf8mb4_unicode_ci DEFAULT NULL,
  `free` text COLLATE utf8mb4_unicode_ci DEFAULT NULL,
  `description` text COLLATE utf8mb4_unicode_ci DEFAULT NULL,
  `after_courses` text COLLATE utf8mb4_unicode_ci DEFAULT NULL,
  `search` text COLLATE utf8mb4_unicode_ci DEFAULT NULL,
  `giang_vien_id` text COLLATE utf8mb4_unicode_ci DEFAULT NULL,
  `price_root` int(11) NOT NULL,
  `price_sale` int(11) NOT NULL,
  `video_thuml` text COLLATE utf8mb4_unicode_ci DEFAULT NULL,
  `time_start_sale` varchar(255) COLLATE utf8mb4_unicode_ci DEFAULT NULL,
  `time_end_sale` varchar(255) COLLATE utf8mb4_unicode_ci DEFAULT NULL,
  `remember_token` varchar(100) COLLATE utf8mb4_unicode_ci DEFAULT NULL,
  `created_at` timestamp NULL DEFAULT NULL,
  `updated_at` timestamp NULL DEFAULT NULL,
  PRIMARY KEY (`id`)
) ENGINE=MyISAM AUTO_INCREMENT=1037 DEFAULT CHARSET=utf8mb4 COLLATE=utf8mb4_unicode_ci;

--
-- Đang đổ dữ liệu cho bảng `courses`
--

INSERT INTO `courses` (`id`, `group_courses_id`, `name`, `sort`, `status`, `images`, `free`, `description`, `after_courses`, `search`, `giang_vien_id`, `price_root`, `price_sale`, `video_thuml`, `time_start_sale`, `time_end_sale`, `remember_token`, `created_at`, `updated_at`) VALUES
(1001, NULL, 'Guitar đệm hát 30 ngày cùng Hiển Râu', '0', 1, 'guitar-dem-hat-30-ngay-cung-hien-rau_m_1555570664.jpg', '0', '❓Bạn muốn học guitar online mà không biết bắt đầu từ đâu và lựa chọn nào là phù hợp?\r\n\r\n❓Bạn muốn tự tin thể hiện tài năng của mình với cây guitar trước đám đông nhưng lại không có thời gian đến các lớp học?\r\n\r\n❓ Bạn muốn đệm hát nghêu ngao với bạn bè nhưng những kiến thức trên mạng quá phức tạp khiến bạn nản lòng?\r\n\r\n❓ Bạn mệt mỏi với những phương pháp dạy học cũ nặng về lý thuyết và tốn nhiều thời gian?\r\n\r\n❓ Bạn đang đi tìm cho mình một phương pháp học guitar tại nhà thật bài bản, hiệu quả và nhanh chóng?\r\n\r\n❓ Bạn muốn định hình con đường sự nghiệp Guitarist chỉ trong một thời gian ngắn?\r\n\r\nVậy thì đây chính là khóa học DÀNH CHO BẠN: \"Guitar đệm hát 30 ngày cùng Hiển Râu\" \r\n\r\nKhóa học guitar online \"Guitar đệm hát 30 ngày cùng Hiển Râu\" bao gồm những kiến thức cơ bản quan trọng, ngắn gọn và cần thiết nhất phục vụ cho mục đích đệm hát cơ bản.\r\n\r\nGiáo trình được xây dựng dựa trên kinh nghiệm giảng dạy và cập nhật theo sát giáo trình thực tế tại lớp đàn Hiển Râu để phù hợp với tất cả mọi người, kể cả những người không có năng khiếu âm nhạc.\r\n\r\nHọc viên sẽ được hỗ trợ và giải đáp về mặt học thuật liên tục qua Fanpage Hiển Râu Guitar. \r\n\r\nSau khóa học này, học viên sẽ có nền tảng cơ bản vững chắc về guitar cũng như các cách chơi guitar thật hấp dẫn để tiếp tục lên những trình độ cao hơn với các khóa học tiếp theo của Hiển Râu.\r\n\r\nNội dung khóa học đàn guitar online của Hiển Râu\r\n\r\nTại lớp học đàn guitar của Hiển Râu bạn sẽ được làm quen vời từng phần và cấp độ từ cơ bản đến nâng cao phù hợp. Khoá học sẽ được chia thành các cấp độ giúp học viên dễ dàng theo dõi và thực hành\r\n\r\nPhần 1: Những điều cơ bản\r\n\r\nPhần 2: Cấp độ 1: Làm quen với cây đàn\r\n\r\nPhần 3: Cấp độ 2: Điệu Surf nhanh và chậm và những hợp âm chặn đầu tiên\r\n\r\nPhần 4: Cấp độ 3 – Disco, Blue và Ballad, hợp âm thế tay cao, báo và hoàn thiện nhạc trẻ\r\n\r\nPhần 5: Cấp độ 4 – Hoàn thiện các điệu ít dùng và hoàn thiện nhịp lẻ\r\n\r\nPhần 6: Cấp độ 5 – Làm thế nào để bất kì bài cơ bản trung bình nào cũng chơi được?\r\n\r\nNhững lợi ích khi học Guitar đệm hát tại Unica:\r\n\r\n✔️ Mua 1 lần sở hữu TRỌN ĐỜI khoá học guitar online\r\n\r\n✔️ Học âm nhạc ONLINE mọi lúc mọi nơi trên mọi thiết bị (điện thoại, laptop,pc).\r\n\r\n✔️ TƯ VẤN hỗ trợ 24/7 từ chuyên gia.\r\n\r\n✔️ Được HOÀN TIỀN trong vòng 7 ngày nếu không hài lòng về khóa học của Hiển Râu Guitar\r\n\r\n✔️ Giảm trực tiếp 10% CHI PHÍ khóa học khi thanh toán Online.', NULL, '#guitar, Hiển Râu, Guitar cổ điển', '2001', 600000, 499000, 'pvFxD12GTLU', NULL, NULL, NULL, '2020-11-13 01:58:55', '2020-11-13 01:58:55'),
(1002, '4', 'Guitar đệm hát nâng cao cùng Haketu', '1', 1, 'guitar-dem-hat-cung-haketu-nang-cao_m_1555571664.jpg', '0', '<p>Đệm h&aacute;t n&acirc;ng cao lu&ocirc;n l&agrave; những kiến thức cao qu&yacute;</p>', NULL, '#guitar', '2000', 800000, 599000, 'pvFxD12GTLU', NULL, NULL, NULL, '2020-11-13 01:58:55', '2020-11-13 01:58:55'),
(1003, '4', 'Fingerstyle guitar cho người mới bắt đầu', '1', 1, 'fingerstyle-guitar-cho-nguoi-moi-bat-dai_m_1555573300.jpg', '0', NULL, NULL, '#guitar, Hoàng Phúc, Guitar cổ điển', '2003', 600000, 599000, 'HNUlZz8HSTM', NULL, NULL, NULL, '2020-11-13 01:58:55', '2020-11-13 01:58:55'),
(1004, '3', 'Học đệm hát Guitar với những ca khúc Tiếng Anh bất hủ', '1', 1, 'dem-hat-guitar-tieng-anh-voi-bai-hat-bat-hu_m_1557993929.jpg', '0', 'Những ca khúc nước ngoài luôn là chủ đề vô tận với tất cả chúng ta', NULL, '#guitar', '2003', 500000, 499000, 'JKFeTVseaRg', NULL, NULL, NULL, '2020-11-13 01:58:55', '2020-11-13 01:58:55'),
(1005, '4', 'Kỹ năng học guitar hiệu quả cho người mới bắt đầu', '1', 1, 'guitar-cho-nguoi-moi-bat-dau_m_1555574034.jpg', '0', '<blockquote>\r\n<p>Học guitar lu&ocirc;n l&agrave; những kh&oacute;a học th&uacute; vị với những bạn học sinh sinh vi&ecirc;n</p>\r\n</blockquote>', NULL, '#guitar', '2006', 600000, 449000, 'JKFeTVseaRg', NULL, NULL, NULL, '2020-11-13 01:58:55', '2020-11-13 01:58:55'),
(1006, '5', 'Fingerstyle guitar nâng cao -  Thể hiện trước đám đông', '1', 1, 'fingerstyle-guitar-nang-cao_m_1555576345.jpg', '0', NULL, NULL, '#guitar', '2003', 600000, 549000, 'HNUlZz8HSTM', NULL, NULL, NULL, '2020-11-13 01:58:55', '2020-11-13 01:58:55'),
(1007, '1', 'Học Độc tấu Guitar trong 36 ngày - Thư giãn cùng âm nhạc', '1', 1, 'hoc-doc-tau-guitar-trong-36-ngay_m_1557995488.jpg', '0', '<p>Kh&oacute;a học với c&acirc;y đ&agrave;n classic cổ điển, những giai điệu phương t&acirc;y đến cổ truyền của Việt Nam</p>', NULL, '#guitar', '2010', 500000, 199000, 'ryJh1_lcfBk', NULL, NULL, NULL, '2020-11-13 01:58:55', '2020-11-13 01:58:55'),
(1009, '5', 'Từ mù tịt trở thành guitar lead', '1', 1, 'Từ-mù-tịt-trở-thành-guitarlead-- Cụ Minh Rock_m_1567052082.jpg', '0', NULL, NULL, 'Từ mù tịt trở thành guitar lead, lead, tỉa guitar', '2006', 2300000, 1399000, 'TbzLPeKq4zw', NULL, NULL, NULL, '2020-11-13 01:58:55', '2020-11-13 01:58:55'),
(1010, '1', 'Guitar - từ cơ bản đến nâng cao', '0', 1, 'guitar-co-dien-co-ban-den-nang-cao_m_1561370184.jpg', '0', NULL, NULL, '#guitar', '2001', 800000, 459000, 'vN6_Rj4wNQ8', NULL, NULL, NULL, '2020-11-13 01:58:55', '2020-11-13 01:58:55'),
(1011, NULL, 'Đệm hát Guitar căn bản', '1', 1, 'hoc-dem-hat-guitar-can-ban_m_1561536360.jpg', '0', NULL, NULL, '#guitar', '2013', 500000, 499000, 'Wp8Ib7QHq-o', NULL, NULL, NULL, '2020-11-13 01:58:55', '2020-11-13 01:58:55'),
(1012, '5', 'Trở thành bậc thầy đệm hát guitar trong 7 ngày', '0', 1, 'tro-thanh-bac-thay-dem-hat-guitar-trong-7ngay_m_1561521744.jpg', '0', NULL, NULL, '#guitar', '2011', 600000, 599000, '1YqXaivYZNw', NULL, NULL, NULL, '2020-11-13 01:58:55', '2020-11-13 01:58:55'),
(1013, '3', 'Guitar nền tảng chuyên sâu cho người mới', '1', 1, 'Guitar-nền-tảng-chuyên-sâu-cho-người-mới-- Đặng-Trần-Lê-Vũ_m_1582873493.jpg', '0', NULL, NULL, '#guitar', '2012', 600000, 499000, '0mXvYaOGwmU', NULL, NULL, NULL, '2020-11-13 01:58:55', '2020-11-13 01:58:55'),
(1014, NULL, 'Trở thành một tay guitar bass chuyên nghiệp', '0', 1, 'InShot_20200708_101413979_m_1594178219.jpg', '0', NULL, NULL, '#guitar', '2003', 800000, 499000, 'mE5X27xHVF8', NULL, NULL, NULL, '2020-11-13 01:58:55', '2020-11-13 01:58:55');

-- --------------------------------------------------------

--
-- Cấu trúc bảng cho bảng `giangvien`
--

DROP TABLE IF EXISTS `giangvien`;
CREATE TABLE IF NOT EXISTS `giangvien` (
  `id` int(20) NOT NULL AUTO_INCREMENT,
  `hoten` varchar(50) COLLATE utf8mb4_unicode_ci NOT NULL,
  `images` text COLLATE utf8mb4_unicode_ci DEFAULT NULL,
  `organize` text COLLATE utf8mb4_unicode_ci DEFAULT NULL,
  `description` text COLLATE utf8mb4_unicode_ci DEFAULT NULL,
  `remember_token` varchar(100) COLLATE utf8mb4_unicode_ci DEFAULT NULL,
  `created_at` timestamp NULL DEFAULT NULL,
  `updated_at` timestamp NULL DEFAULT NULL,
  `phone` varchar(25) COLLATE utf8mb4_unicode_ci DEFAULT NULL,
  `address` varchar(50) COLLATE utf8mb4_unicode_ci DEFAULT NULL,
  `status` tinyint(4) NOT NULL,
  PRIMARY KEY (`id`)
) ENGINE=MyISAM AUTO_INCREMENT=2123 DEFAULT CHARSET=utf8mb4 COLLATE=utf8mb4_unicode_ci;

--
-- Đang đổ dữ liệu cho bảng `giangvien`
--

INSERT INTO `giangvien` (`id`, `hoten`, `images`, `organize`, `description`, `remember_token`, `created_at`, `updated_at`, `phone`, `address`, `status`) VALUES
(2000, 'Hà Kế Tú', 'December620171133am_ha-ke-tu_thumb.jpg', NULL, 'Giảng viên Hà Kế Tú - Haketu với kinh nghiệm 12 năm để chơi đàn và nghiên cứu về âm nhạc, 5 năm kinh nghiệm tổ chức các khóa học Guitar offline tại Úc và Hà Nội, đào tạo hàng trăm học viên trong những khóa: Guitar cổ điển, Fingerstyle và Đệm hát. Hà Kế Tú hay còn thường gọi là Haketu là một trong những Giảng viên, Youtuber có tên tuổi trong cộng đồng Guitar tại Việt Nam.  22/7/2016  Kênh youtube của anh đạt mốc 100k followers và trở thành một trong những Cộng đồng Guitar lớn nhất Việt Nam. Phương pháp giảng dạy của anh chú trọng tới căn bản, áp dụng thực tế trong việc học nhạc và luôn hướng tới học viên để có hiệu quả cao nhất. Haketu là một trong những người đầu tiên có kênh Youtube dạy guitar phi lợi nhuận tại Việt Nam. - Thời điểm hiện tại, kênh youtube của Haketu đã đạt mức 160,000 subscribers. - Giảng viên xuất phát từ học âm nhạc cổ điển, và hiện đã có hơn 12 năm chơi đàn và nghiên cứu về guitar, cũng như viết ra hàng trăm bản guitar tab để làm học liệu. - Haketu được biết tới với phương pháp truyền tải cách học đơn giản, dễ hiểu và hiệu quả, nên nhiều người tìm tới học cả online và offline rất đông. - Hiện tại Facebook cũng có trên 125,000 người theo dõi. - Thế mạnh của Haketu là khả năng chuyển soạn fingerstyle độc tấu trên guitar, và nổi tiếng nhất là Nhật ký của mẹ (nhạc sĩ Nguyễn Văn Chung).', NULL, '2020-11-15 03:57:29', '2020-11-15 03:57:29', '0967723426', 'KTX B10 Bách Khoa Hà Nội', 1),
(2001, 'Hiển Râu', 'June620171133am_hien-rau_thumb.jpg', NULL, 'Hiển Râu (tên thật Nguyễn Thượng Hiển) Youtuber siêu hot về Guitar. Những người đam mê tiếng đàn Guitar chắc hẳn ai cũng biết đến cái tên Hiển Râu. Anh đã có 10 năm kinh nghiệm giảng dạy Guitar với hơn 300.000 học viên trên toàn quốc. Những khóa học của anh thu hút sự quan tâm của đông đảo học viên ở mọi lửa tuổi, khu vực. Với mong muốn lan tỏa kiến thức Guitar cho học viên ở khắp mọi miền Tổ quốc, Hiển Râu đăng tải những video dạy Guitar lên Youtube. Những video của anh luôn hút hút hàng trăm nghìn lượt xem và chia sẻ. Facebook của anh hiện có hơn 320.000 người theo dõi, kênh Youtube có hơn 680.000 người đăng ký.\r\nHiển Râu được xem giáo viên dạy đàn \"Gạo cội\" trên Youtube. Anh xuất hiện từ những ngày đầu tiên khi phong trào học tập Online mới manh nha xuất hiện. Qua hơn một thập kỷ năm dạy đàn Online xuyên biên giới, Offiline tại Hà Nội, Hiển Râu luôn được học viên yêu mến nhờ sự hài hước, gần gũi với phương pháp dạy Guitar mới mẻ, hiệu quả nhất. Những bài học của Hiển Râu được trình bày dễ hiểu và chi tiết hết mức, giúp học viên (kể cả những người chưa biết gì về nhạc lý) cũng dễ dàng nắm bắt và làm chủ cây đàn sau một thời gian ngắn luyện tập.', NULL, NULL, NULL, '0967723426', 'Hai Bà Trưng - Hà Nội', 1),
(2003, 'Hoàng Phúc', 'September2920161152am_hoang-phuc_thumb.jpg', NULL, 'Giảng viên Finger Style tại trang hocdan.com và giảng viên chính của lớp học Hoàng Phúc Guitar Có những kinh nghiệm giảng dạy thực tế, phương pháp chủ động và tích cực, chú trọng và tập trung vào cốt lõi, để học viên không mất phương hướng Được mọi người biết đến là con người tâm huyết qua những video hướng dẫn ở kênh YouTube  30 học viên theo học đều đặn mỗi tuần, tổng cộng có khoảng  200 học viên đã theo học từ 10/2015 đến nay.', NULL, '2020-11-15 03:57:30', '2020-11-15 03:57:30', '0967723426', 'Ha Noi', 1),
(2006, 'Cụ Minh Rock', 'August2920191113am_cu-minh-rock_thumb.png', NULL, '<p>Cụ Minh Rock- T&ecirc;n Thật l&agrave; Nguyễn Anh Minh- Guitarist, Composer, VIDEO &amp; MUSIC producer. Gi&aacute;m đốc trường nhạc Simon Music. Anh chơi hầu hết c&aacute;c nhạc cụ trong đ&oacute; nối trội nhất l&agrave; vị tr&iacute; Guitar lead, bass. Cử nh&acirc;n ưu t&uacute; của trương tr&igrave;nh đạo tạo LCM- London College of Music đầu ti&ecirc;n tại Việt Nam (2017)&nbsp; Trưởng nh&oacute;m Band Blackrose ( Giải nhất cuộc thi c&ugrave;ng nhau toả s&aacute;ng 2010). Bassist band Sai Gon Metal 2010, Giải people choice award 2018 Yamaha Young competition , Ph&aacute;t h&agrave;nh album &quot;&quot;B&aacute;nh xe thời gian&quot;&quot; (2018) l&agrave; một trong những nghệ sỹ đầu ti&ecirc;n tại Việt Nam tự sản xuất v&agrave; ph&aacute;t h&agrave;nh album.&nbsp; Trải qua qu&aacute; tr&igrave;nh học tập kh&ocirc;ng ngừng nghỉ suốt 14 năm trong lĩnh vực nhạc cụ v&agrave; sản xuất &acirc;m nhạc, anh lu&ocirc;n gi&uacute;p đỡ những học tr&ograve; v&agrave; những nghệ sỹ cải thiện kĩ năng chơi nhạc của m&igrave;nh bằng ch&iacute;nh kinh nghiệm thực tiễn của m&igrave;nh. &quot;</p>', NULL, '2020-11-15 03:57:30', '2020-11-15 03:57:30', '0967723426', 'Ha Noi', 1),
(2007, 'Vũ Hiển', 'June172019527pm_vu-hien_thumb.png', NULL, '<blockquote>\r\n<p>Từng theo học nghệ sĩ <strong><em>Guitar Trịnh B&aacute;ch</em></strong>, Ng&ocirc; Đăng Quang, Việt Cường... Năm 2004, tốt nghiệp Cao Đẳng Nghệ Thuật H&agrave; Nội. Soạn v&agrave; s&aacute;ng t&aacute;c nhiều t&aacute;c phẩm d&agrave;nh cho đ&agrave;n Guitar v&agrave; được giới chuy&ecirc;n m&ocirc;n đ&aacute;nh gi&aacute; cao như: Nhớ về vũ c&ocirc;ng, Nocturne B minor, Chim b&aacute;o b&atilde;o... C&acirc;u lạc bộ Guitar Vũ Hiển tại H&agrave; Nội với h&agrave;ng ng&agrave;n học vi&ecirc;n đang theo học. Anh đ&atilde; g&oacute;p phần tạo n&ecirc;n một phong tr&agrave;o học v&agrave; chơi guitar cổ điển mạnh mẽ tại H&agrave; T&acirc;y&nbsp;trong thời gian gần đ&acirc;y.</p>\r\n</blockquote>', NULL, '2020-11-15 03:57:30', '2020-11-15 03:57:30', '0967723426', 'Hoàng Mai-Hà Nội', 1),
(2008, 'Trịnh Minh Cường', 'October192016957am_trinh-minh-cuong_thumb.png', NULL, 'Nghệ sĩ Guitar Trịnh Minh Cường - Cựu Giảng viên Nhạc viện Hà Nội (Học viện âm nhạc quốc gia). Nghệ sĩ Guitar Trịnh Minh Cường đã từng học Guitar từ những bậc thầy Nổi tiếng như: Vũ Bảo Lâm (Thành viên nhóm Thất cầm huyền thoại), Phùng Tuấn Vũ - học trò nghệ sĩ Guitar Mỹ Alice Arts và Nguyễn Như Dũng - Người thầy Guitar đầu tiên của Nhạc viện Hà Nội được đào tạo ở châu Âu', NULL, '2020-11-15 03:57:31', '2020-11-15 03:57:31', '', '', 1),
(2009, 'Cao Tuyền', 'May82020418pm_cao-tuyen_thumb.jpg', NULL, '<p>- Chuy&ecirc;n gia tạo h&igrave;nh đất nặn học từ H&agrave;n Quốc. - Chủ nhiệm c&acirc;u lạc bộ Thi&ecirc;n Thần Đất Nặn. - Tốt nghiệp trường ĐH Kiến Tr&uacute;c H&agrave; Nội, v&agrave; tốt nghiệp thạc sĩ về Thiết kế nội thất. - 8 năm kinh nghiệm dạy tạo h&igrave;nh đất nặn v&agrave; truyền cảm hứng cho h&agrave;ng ngh&igrave;n c&aacute;c trẻ nhỏ trong c&aacute;c trường mầm non, cấp 1, cấp 2, c&aacute;c trung t&acirc;m kỹ năng sống v&agrave; c&aacute;c hội chợ d&agrave;nh cho trẻ. - Giảng dạy v&agrave; đ&agrave;o tạo h&agrave;ng trăm c&ocirc; gi&aacute;o trong c&aacute;c trường mầm non tại H&agrave; Nội v&agrave; một số tỉnh th&agrave;nh. - Gi&uacute;p h&agrave;ng ngh&igrave;n phụ huynh thay đổi quan điểm &ldquo;đất cứng bẩn kh&ocirc;ng cho con chơi&rdquo;. Gi&uacute;p phụ huynh hiểu được gi&aacute; trị bộ m&ocirc;n đất nặn, tầm quan trọng của việc d&agrave;nh thời gian ngồi chơi c&ugrave;ng con!&nbsp; a</p>', NULL, '2020-11-15 03:57:31', '2020-11-15 03:57:31', '0967723426', 'KTX B10 Bách Khoa Hà Nội', 1),
(2010, 'Bùi Trần Quang', 'July1320201022am_bui-tran-quang_thumb.jpg', NULL, ' Bùi Trần Quang tốt nghiệp trường Đại Học Sài Gòn Khoa Nghệ Thuật chuyên ngành Sư Phạm Âm Nhạc.  với kinh nghiệm 10 năm chơi guitar bass, 15  năm chơi guitar Acoustic cùng 21 năm tiếp xúc với piano với vốn kinh nghiệm thực tế chơi band nhạc gần 10 năm. Hội tụ đủ sự cần thiết và cảm nhận được tầm quan trọng của vị trí guitar bass trong band nhạc là như thế nào, chín vì lý do đó nên khóa học guitar bass đã được khai sinh. Cùng với chuỗi 2 cơ sở hệ thống trung tâm Âm Nhạc Diễm Hạ và 1 quán Tina acoustic cafe tọa lạc ngay khu dân cư An Sương là nơi để học viên có thể học nhạc và thực tập chơi band thực tế tại quán. Hứa hẹn sẽ là 1 bàn đạp mạnh đủ vững chắc cho các bạn nào đam mê với môn guitar bass. Hãy đến với khóa học guitar bass để được trải nghiêm nhé.', NULL, '2020-11-15 03:57:31', '2020-11-15 03:57:31', '0967723426', 'Khu đô thị Linh Đàm - Hoàng Mai- Hà Nội', 0),
(2011, 'Lê Việt Dũng', 'August192016243pm_le-viet-dung_thumb.png', NULL, '<ul>\r\n	<li>Giảng vi&ecirc;n&nbsp;L&ecirc; Việt Dũng&nbsp;c&oacute; kinh nghiệm dạy học v&agrave; biểu diễn tr&ecirc;n 5 năm v&agrave; đ&atilde; từng đ&agrave;o tạo cho 200 học vi&ecirc;n tại nh&agrave;. Anh đi theo phương ph&aacute;p đ&agrave;o tạo l&agrave; để học vi&ecirc;n tự t&igrave;m hiểu v&agrave; tự tư duy, ph&aacute;t triển phương ph&aacute;p học tập b&agrave;i bản m&agrave; kh&ocirc;ng g&acirc;y ra cảm gi&aacute;c nh&agrave;m ch&aacute;n cho học vi&ecirc;n. Đ&atilde; từng biểu diễn tại c&aacute;c qu&aacute;n bar, ph&ograve;ng tr&agrave;, coffee aucoustic. Sau khi tham gia đầy đủ kh&oacute;a học, c&aacute;c học vi&ecirc;n đều c&oacute; thể chơi tốt, tự tư duy v&agrave; học tập theo phong c&aacute;ch ri&ecirc;ng kh&ocirc;ng rập khu&ocirc;n, m&aacute;y m&oacute;c. Đặc biệt, anh lu&ocirc;n nhận được sự phản hồi t&iacute;ch cực từ học vi&ecirc;n trong phong c&aacute;ch giảng dạy s&aacute;ng tạo từ những học vi&ecirc;n của m&igrave;nh.</li>\r\n</ul>', NULL, '2020-11-15 03:57:31', '2020-11-15 03:57:31', '0967723426', 'Hai Bà Trưng - Hà Nội', 0),
(2012, 'Đặng Trần Lê Vũ', 'November1020161040am_dang-tran-le-vu_thumb.jpg', NULL, '<blockquote>\r\n<p>Đặng Trần L&ecirc; Vũ&nbsp;giảng vi&ecirc;n Guitar, Ukulele v&agrave; dạy cảm thụ &acirc;m nhạc tại LV Acoustic &amp; Toa T&agrave;u. Anh l&agrave; t&aacute;c giả của s&aacute;ch Acoustic Guitar ph&aacute;t h&agrave;nh 2015 v&agrave; 3 ebook về tự học Ukulele &amp; Guitar. Ngo&agrave;i ra anh c&ograve;n giảng dạy offline với số lượng 50 học vi&ecirc;n theo học đều đặn mỗi tuần, tổng cộng c&oacute; khoảng hơn 400 học vi&ecirc;n đ&atilde; theo học từ năm 2012 đến nay. Anh đang sở hữu hơn 4000 học vi&ecirc;n theo học online từ 5 kh&oacute;a học online anh giảng dạy Với t&acirc;m hồn y&ecirc;u &acirc;m nhạc v&agrave; đam m&ecirc; m&atilde;nh liệt với bộ m&ocirc;n n&agrave;y anh đ&atilde; gi&agrave;nh hơn 7000 giờ giảng dạy v&agrave; nghi&ecirc;n cứu &acirc;m nhạc, để s&aacute;ng tạo ra những b&agrave;i giảng v&agrave; cải tiến phương ph&aacute;p dạy thu h&uacute;t hiệu quả nhất đến c&aacute;c học vi&ecirc;n.&nbsp;<strong>Đặng Trần L&ecirc; Vũ&nbsp;giảng vi&ecirc;n Guitar</strong></p>\r\n</blockquote>', NULL, '2020-11-15 03:57:32', '2020-11-15 03:57:32', '0967723426', 'Hoàng Mai-Hà Nội', 1),
(2013, 'Đỗ Đức Hiếu', 'October22017512pm_do-duc-hieu_thumb.jpg', NULL, '<p>Founder trung t&acirc;m Guitar Hiếu Ero. 10 Năm chơi guitar, được đ&agrave;o tạo v&agrave; l&agrave;m việc c&ugrave;ng những guitarist chuy&ecirc;n nghiệp, h&agrave;ng đầu Việt Nam. Đ&atilde; c&oacute; kinh nghiệm 3 năm giảng dạy v&agrave; đ&agrave;o tạo cho đội ngũ giảng dạy. L&agrave; chủ tịch CLB Guitar của trường cấp 3 v&agrave; Đại học, v&agrave; đều l&agrave; người s&aacute;ng lập CLB. Tham gia h&agrave;ng chục chương tr&igrave;nh ca nhạc quy m&ocirc; từ cấp trường l&ecirc;n cấp tỉnh, th&agrave;nh phố. L&agrave; trưởng band nhạc Minor Band. Cho tới nay, số lượng người Hiếu đ&atilde; trực tiếp v&agrave; gi&aacute;n tiếp đ&agrave;o tạo l&ecirc;n tới h&agrave;ng ngh&igrave;n người, tất cả học vi&ecirc;n đều c&oacute; một điểm chung sau khi tham gia lớp học của Hiếu đ&oacute; l&agrave; niềm đam m&ecirc; với Guitar được tăng theo cấp số nh&acirc;n ng&agrave;y qua ng&agrave;y. &nbsp;</p>', NULL, '2020-11-15 03:57:32', '2020-11-15 03:57:32', '0967723426', 'Ha Noi', 1),
(2014, 'Hoàng Minh Anh', 'March22019959am_hoang-minh-anh_thumb.jpg', NULL, '<blockquote>\r\n<div style=\"background:#eeeeee;border:1px solid #cccccc;padding:5px 10px;\">Giảng vi&ecirc;n lớp học BB Guitar Class Cựu chủ nhiệm CLB Guitar Đại học H&agrave; Nội Kinh nhiệm 8 năm chơi đ&agrave;n, l&agrave;m việc v&agrave; giảng dạy tại c&aacute;c trung t&acirc;m: Trường ĐH H&agrave; Nội, Trung t&acirc;m &acirc;m nhạc Music Stories, Musicland Vietnam. Lượng theo d&otilde;i youtube hiện tại: khoảng 15,000 người. Số lượng học vi&ecirc;n đ&atilde; được đ&agrave;o tạo: khoảng: 18,000 người.</div>\r\n</blockquote>', NULL, '2020-11-15 03:57:32', '2020-11-15 03:57:32', '0967723426', 'Ha Noi', 0),
(2121, 'Lê Hằng béo', '10301059_1662556107311088_2773020874063084823_n.jpg', NULL, '<p>g&uacute;t</p>', NULL, '2020-12-23 21:33:03', '2020-12-23 21:33:03', '0254789252', 'Khu đô thị Linh Đàm - Hoàng Mai- Hà Nội', 1),
(2122, 'Đỗ Đức Hiếu', '54435475_305362093509063_6525451779700686848_n.jpg', NULL, '<p>hic</p>', NULL, '2020-12-23 21:34:18', '2020-12-23 21:34:18', '0967723426', 'Hai Bà Trưng - Hà Nội', 1);

-- --------------------------------------------------------

--
-- Cấu trúc bảng cho bảng `group_courses`
--

DROP TABLE IF EXISTS `group_courses`;
CREATE TABLE IF NOT EXISTS `group_courses` (
  `id` int(11) NOT NULL AUTO_INCREMENT,
  `name` varchar(255) COLLATE utf8mb4_unicode_ci NOT NULL,
  `sort` varchar(255) COLLATE utf8mb4_unicode_ci DEFAULT NULL,
  `status` text COLLATE utf8mb4_unicode_ci NOT NULL,
  `images` varchar(255) COLLATE utf8mb4_unicode_ci DEFAULT NULL,
  `description` text COLLATE utf8mb4_unicode_ci NOT NULL,
  `search` text COLLATE utf8mb4_unicode_ci NOT NULL,
  `remember_token` varchar(100) COLLATE utf8mb4_unicode_ci DEFAULT NULL,
  `created_at` timestamp NULL DEFAULT NULL,
  `updated_at` timestamp NULL DEFAULT NULL,
  PRIMARY KEY (`id`)
) ENGINE=MyISAM AUTO_INCREMENT=14 DEFAULT CHARSET=utf8mb4 COLLATE=utf8mb4_unicode_ci;

--
-- Đang đổ dữ liệu cho bảng `group_courses`
--

INSERT INTO `group_courses` (`id`, `name`, `sort`, `status`, `images`, `description`, `search`, `remember_token`, `created_at`, `updated_at`) VALUES
(1, 'GUITAR CLASSIC', '1', '1', NULL, 'guitar cổ điển dây nilon', 'guitar classic, dây nilon', NULL, NULL, NULL),
(3, 'GUITAR AUCOUSTIC', NULL, '1', NULL, 'GUITAR AUCOUSTIC', 'GUITAR AUCOUSTIC, guitar hiện đại', NULL, NULL, NULL),
(4, 'GUITAR CƠ BẢN', NULL, '1', NULL, 'MÔ TẢ', 'CƠ BẢN , GUITAR CƠ BẢN, BASIC', NULL, NULL, NULL),
(5, 'GUITAR NÂNG CAO', NULL, '1', NULL, 'NÂNG CAO ', 'GUITAR NÂNG CAO', NULL, NULL, NULL),
(6, 'KHÓA HỌC MIỄN PHÍ', '1', '1', NULL, '1', 'KHÓA HỌC MIỄN PHÍ', NULL, NULL, NULL);

-- --------------------------------------------------------

--
-- Cấu trúc bảng cho bảng `migrations`
--

DROP TABLE IF EXISTS `migrations`;
CREATE TABLE IF NOT EXISTS `migrations` (
  `id` int(10) UNSIGNED NOT NULL AUTO_INCREMENT,
  `migration` varchar(255) COLLATE utf8mb4_unicode_ci NOT NULL,
  `batch` int(11) NOT NULL,
  PRIMARY KEY (`id`)
) ENGINE=MyISAM DEFAULT CHARSET=utf8mb4 COLLATE=utf8mb4_unicode_ci;

-- --------------------------------------------------------

--
-- Cấu trúc bảng cho bảng `student_course`
--

DROP TABLE IF EXISTS `student_course`;
CREATE TABLE IF NOT EXISTS `student_course` (
  `id` int(10) UNSIGNED NOT NULL AUTO_INCREMENT,
  `users_id` bigint(10) UNSIGNED NOT NULL,
  `courses_id` varchar(20) COLLATE utf8mb4_unicode_ci NOT NULL,
  `courses_name` varchar(100) COLLATE utf8mb4_unicode_ci DEFAULT NULL,
  `status` varchar(25) COLLATE utf8mb4_unicode_ci DEFAULT NULL,
  `cod` text COLLATE utf8mb4_unicode_ci DEFAULT NULL,
  `sort` varchar(20) COLLATE utf8mb4_unicode_ci DEFAULT NULL,
  `payments` varchar(25) COLLATE utf8mb4_unicode_ci DEFAULT NULL,
  `price` int(25) DEFAULT NULL,
  `remember_token` varchar(100) COLLATE utf8mb4_unicode_ci DEFAULT NULL,
  `created_at` timestamp NULL DEFAULT NULL,
  `updated_at` timestamp NULL DEFAULT NULL,
  PRIMARY KEY (`id`),
  KEY `users_id` (`users_id`),
  KEY `course_id` (`courses_id`)
) ENGINE=MyISAM AUTO_INCREMENT=103 DEFAULT CHARSET=utf8mb4 COLLATE=utf8mb4_unicode_ci;

--
-- Đang đổ dữ liệu cho bảng `student_course`
--

INSERT INTO `student_course` (`id`, `users_id`, `courses_id`, `courses_name`, `status`, `cod`, `sort`, `payments`, `price`, `remember_token`, `created_at`, `updated_at`) VALUES
(82, 30, '1002', 'Guitar đệm hát nâng cao cùng Haketu', '2', '211058901', NULL, 'home', 599000, NULL, '2020-12-15 06:59:31', '2020-12-15 06:59:31'),
(78, 30, '1010', 'Guitar - từ cơ bản đến nâng cao', '1', '1472258365', NULL, 'home', 459000, NULL, '2020-12-15 05:33:33', '2020-12-15 05:33:33'),
(56, 20, '1001', 'Guitar đệm hát 30 ngày cùng Hiển Râu', '2', '1683364493', NULL, 'home', 499000, NULL, '2020-12-03 23:17:54', '2020-12-03 23:17:54'),
(71, 26, '1012', 'Trở thành bậc thầy đệm hát guitar trong 7 ngày', '1', '125960181', NULL, 'home', 599000, NULL, '2020-11-09 09:26:06', '2020-12-09 09:26:06'),
(79, 30, '1002', 'Guitar đệm hát nâng cao cùng Haketu', '1', '188060165', NULL, 'home', 599000, NULL, '2020-11-15 06:36:09', '2020-12-15 06:36:09'),
(80, 30, '1011', 'Đệm hát Guitar căn bản', '1', '2017894579', NULL, 'home', 499000, NULL, '2020-11-15 06:36:09', '2020-12-15 06:36:09'),
(69, 25, '1002', 'Guitar đệm hát nâng cao cùng Haketu', '1', '768698811', NULL, 'home', 599000, NULL, '2020-12-09 09:25:17', '2020-12-09 09:25:17'),
(74, 27, '1011', 'Đệm hát Guitar căn bản', '1', '57054888', NULL, 'home', 499000, NULL, '2020-11-10 10:29:41', '2020-12-10 10:29:41'),
(59, 21, '1003', 'Fingerstyle guitar cho người mới bắt đầu', '2', '955728876', NULL, 'home', 599000, NULL, '2020-11-04 01:50:49', '2020-12-04 01:50:49'),
(52, 3, '1003', 'Fingerstyle guitar cho người mới bắt đầu', '1', '40086612', NULL, 'bank', 599000, NULL, '2020-12-02 01:38:23', '2020-12-02 01:38:23'),
(61, 22, '1003', 'Fingerstyle guitar cho người mới bắt đầu', '2', '254386958', NULL, 'home', 599000, NULL, '2020-12-04 02:49:06', '2020-12-04 02:49:06'),
(62, 6, '1002', 'Guitar đệm hát nâng cao cùng Haketu', '1', '1221633714', NULL, 'home', 599000, NULL, '2020-12-04 08:26:48', '2020-12-04 08:26:48'),
(63, 23, '1002', 'Guitar đệm hát nâng cao cùng Haketu', '2', '219898786', NULL, 'bank', 599000, NULL, '2020-12-04 20:26:45', '2020-12-04 20:26:45'),
(64, 24, '1012', 'Trở thành bậc thầy đệm hát guitar trong 7 ngày', '2', '1339415499', NULL, 'cart', 599000, NULL, '2020-12-04 20:37:23', '2020-12-04 20:37:23'),
(98, 37, '1001', 'Guitar đệm hát 30 ngày cùng Hiển Râu', '2', '1155460908', NULL, 'bank', 499000, NULL, '2020-12-22 05:24:50', '2020-12-22 05:24:50'),
(66, 3, '1011', 'Đệm hát Guitar căn bản', '1', '1656133695', NULL, 'home', 499000, NULL, '2020-12-06 08:56:26', '2020-12-06 08:56:26'),
(100, 39, '1002', 'Guitar đệm hát nâng cao cùng Haketu', '0', NULL, NULL, 'bank', 599000, NULL, '2020-12-23 21:50:31', '2020-12-23 21:50:31'),
(99, 38, '1002', 'Guitar đệm hát nâng cao cùng Haketu', '2', '1602151142', NULL, 'home', 599000, NULL, '2020-12-23 04:02:08', '2020-12-23 04:02:08'),
(81, 30, '1002', 'Guitar đệm hát nâng cao cùng Haketu', '1', '1142487158', NULL, 'home', 599000, NULL, '2020-12-15 06:57:44', '2020-12-15 06:57:44'),
(72, 3, '1002', 'Guitar đệm hát nâng cao cùng Haketu', '1', '934001276', NULL, 'home', 599000, NULL, '2020-12-09 21:29:32', '2020-12-09 21:29:32'),
(83, 31, '1001', 'Guitar đệm hát 30 ngày cùng Hiển Râu', '2', '1578608315', NULL, 'bank', 499000, NULL, '2020-12-16 00:50:35', '2020-12-16 00:50:35'),
(75, 27, '1009', 'Từ mù tịt trở thành guitar lead', '1', '899589177', NULL, 'home', 1399000, NULL, '2020-10-08 10:29:41', '2020-12-10 10:29:41'),
(76, 28, '1002', 'Guitar đệm hát nâng cao cùng Haketu', '2', '1627463033', NULL, 'cart', 599000, NULL, '2020-12-11 00:09:08', '2020-12-11 00:09:08'),
(84, 31, '1014', 'Trở thành một tay guitar bass chuyên nghiệp', '1', '1327930851', NULL, 'home', 499000, NULL, '2020-12-16 02:07:50', '2020-12-16 02:07:50'),
(85, 31, '1012', 'Trở thành bậc thầy đệm hát guitar trong 7 ngày', '0', NULL, NULL, 'home', 599000, NULL, '2020-12-16 02:07:50', '2020-12-16 02:07:50'),
(86, 32, '1011', 'Đệm hát Guitar căn bản', '2', '1485841773', NULL, 'home', 499000, NULL, '2020-12-16 02:08:49', '2020-12-16 02:08:49'),
(87, 32, '1012', 'Trở thành bậc thầy đệm hát guitar trong 7 ngày', '1', '1071463160', NULL, 'home', 599000, NULL, '2020-12-16 02:08:49', '2020-12-16 02:08:49'),
(88, 32, '1001', 'Guitar đệm hát 30 ngày cùng Hiển Râu', '2', '1442791963', NULL, 'home', 499000, NULL, '2020-12-16 09:09:58', '2020-12-16 09:09:58'),
(89, 33, '1001', 'Guitar đệm hát 30 ngày cùng Hiển Râu', '1', '1022145509', NULL, 'cart', 499000, NULL, '2020-12-17 00:46:28', '2020-12-17 00:46:28'),
(90, 33, '1001', 'Guitar đệm hát 30 ngày cùng Hiển Râu', '1', '1906484817', NULL, 'home', 499000, NULL, '2020-12-17 08:04:47', '2020-12-17 08:04:47'),
(91, 33, '1012', 'Trở thành bậc thầy đệm hát guitar trong 7 ngày', '1', '1029495421', NULL, 'home', 599000, NULL, '2020-10-17 08:04:47', '2020-12-17 08:04:47'),
(92, 33, '1014', 'Trở thành một tay guitar bass chuyên nghiệp', '1', '1784826630', NULL, 'home', 499000, NULL, '2020-10-17 08:04:47', '2020-12-17 08:04:47'),
(93, 34, '1011', 'Đệm hát Guitar căn bản', '1', '1309929964', NULL, 'home', 499000, NULL, '2020-10-17 08:05:54', '2020-12-17 08:05:54'),
(94, 34, '1009', 'Từ mù tịt trở thành guitar lead', '2', '1301900929', NULL, 'home', 1399000, NULL, '2020-10-17 08:05:54', '2020-12-17 08:05:54'),
(95, 35, '1002', 'Guitar đệm hát nâng cao cùng Haketu', '2', '1683544771', NULL, 'home', 599000, NULL, '2020-12-18 20:31:46', '2020-12-18 20:31:46'),
(96, 36, '1001', 'Guitar đệm hát 30 ngày cùng Hiển Râu', '2', '255967136', NULL, 'bank', 499000, NULL, '2020-12-19 22:30:06', '2020-12-19 22:30:06'),
(97, 3, '1001', 'Guitar đệm hát 30 ngày cùng Hiển Râu', '2', '727207112', NULL, 'home', 499000, NULL, '2020-12-19 23:24:52', '2020-12-19 23:24:52'),
(101, 39, '1001', 'Guitar đệm hát 30 ngày cùng Hiển Râu', '0', NULL, NULL, 'bank', 499000, NULL, '2020-12-23 21:50:31', '2020-12-23 21:50:31'),
(102, 39, '1001', 'Guitar đệm hát 30 ngày cùng Hiển Râu', '2', '814681200', NULL, 'cart', 499000, NULL, '2020-12-23 23:46:51', '2020-12-23 23:46:51');

-- --------------------------------------------------------

--
-- Cấu trúc bảng cho bảng `student_learn`
--

DROP TABLE IF EXISTS `student_learn`;
CREATE TABLE IF NOT EXISTS `student_learn` (
  `id` int(11) NOT NULL AUTO_INCREMENT,
  `users_id` int(50) NOT NULL,
  `course_id` bigint(20) NOT NULL,
  `learn_id` int(100) NOT NULL,
  `time` varchar(25) COLLATE utf8mb4_unicode_ci DEFAULT NULL,
  `created_at` timestamp NULL DEFAULT NULL,
  `updated_at` timestamp NULL DEFAULT NULL,
  PRIMARY KEY (`id`)
) ENGINE=MyISAM AUTO_INCREMENT=389 DEFAULT CHARSET=utf8mb4 COLLATE=utf8mb4_unicode_ci;

--
-- Đang đổ dữ liệu cho bảng `student_learn`
--

INSERT INTO `student_learn` (`id`, `users_id`, `course_id`, `learn_id`, `time`, `created_at`, `updated_at`) VALUES
(291, 3, 1001, 116, NULL, '2020-12-23 02:56:44', '2020-12-23 02:56:44'),
(292, 3, 1001, 116, NULL, '2020-12-23 02:56:58', '2020-12-23 02:56:58'),
(293, 3, 1001, 120, NULL, '2020-12-23 02:59:19', '2020-12-23 02:59:19'),
(294, 3, 1001, 124, NULL, '2020-12-23 03:01:49', '2020-12-23 03:01:49'),
(295, 3, 1001, 116, NULL, '2020-12-23 03:01:59', '2020-12-23 03:01:59'),
(296, 3, 1001, 122, NULL, '2020-12-23 03:02:40', '2020-12-23 03:02:40'),
(297, 3, 1001, 123, NULL, '2020-12-23 03:02:43', '2020-12-23 03:02:43'),
(298, 3, 1001, 116, NULL, '2020-12-23 03:03:44', '2020-12-23 03:03:44'),
(299, 3, 1001, 117, NULL, '2020-12-23 03:03:49', '2020-12-23 03:03:49'),
(300, 3, 1001, 116, NULL, '2020-12-23 03:04:31', '2020-12-23 03:04:31'),
(301, 3, 1001, 116, NULL, '2020-12-23 03:05:00', '2020-12-23 03:05:00'),
(302, 3, 1001, 120, NULL, '2020-12-23 03:05:05', '2020-12-23 03:05:05'),
(303, 3, 1001, 116, NULL, '2020-12-23 03:06:32', '2020-12-23 03:06:32'),
(304, 3, 1001, 124, NULL, '2020-12-23 03:10:15', '2020-12-23 03:10:15'),
(305, 3, 1001, 120, NULL, '2020-12-23 03:11:32', '2020-12-23 03:11:32'),
(306, 3, 1001, 116, NULL, '2020-12-23 03:14:02', '2020-12-23 03:14:02'),
(307, 3, 1001, 116, NULL, '2020-12-23 03:21:22', '2020-12-23 03:21:22'),
(308, 3, 1001, 116, NULL, '2020-12-23 03:22:22', '2020-12-23 03:22:22'),
(309, 3, 1001, 117, NULL, '2020-12-23 03:22:50', '2020-12-23 03:22:50'),
(310, 3, 1001, 119, NULL, '2020-12-23 03:22:57', '2020-12-23 03:22:57'),
(311, 3, 1001, 116, NULL, '2020-12-23 03:23:14', '2020-12-23 03:23:14'),
(312, 3, 1001, 116, NULL, '2020-12-23 03:24:50', '2020-12-23 03:24:50'),
(313, 3, 1001, 116, NULL, '2020-12-23 03:30:19', '2020-12-23 03:30:19'),
(314, 3, 1001, 116, NULL, '2020-12-23 03:30:21', '2020-12-23 03:30:21'),
(315, 3, 1001, 116, NULL, '2020-12-23 03:33:35', '2020-12-23 03:33:35'),
(316, 3, 1001, 116, NULL, '2020-12-23 03:35:55', '2020-12-23 03:35:55'),
(317, 3, 1001, 116, NULL, '2020-12-23 03:38:45', '2020-12-23 03:38:45'),
(318, 3, 1001, 117, NULL, '2020-12-23 03:38:47', '2020-12-23 03:38:47'),
(319, 3, 1001, 202, NULL, '2020-12-23 03:59:32', '2020-12-23 03:59:32'),
(320, 3, 1001, 201, NULL, '2020-12-23 03:59:33', '2020-12-23 03:59:33'),
(321, 38, 1001, 116, NULL, '2020-12-23 04:05:06', '2020-12-23 04:05:06'),
(322, 38, 1001, 117, NULL, '2020-12-23 04:05:07', '2020-12-23 04:05:07'),
(323, 38, 1001, 118, NULL, '2020-12-23 04:05:08', '2020-12-23 04:05:08'),
(324, 38, 1001, 116, NULL, '2020-12-23 04:06:48', '2020-12-23 04:06:48'),
(325, 38, 1001, 117, NULL, '2020-12-23 04:06:51', '2020-12-23 04:06:51'),
(326, 38, 1001, 118, NULL, '2020-12-23 04:06:52', '2020-12-23 04:06:52'),
(327, 38, 1001, 116, NULL, '2020-12-23 04:06:53', '2020-12-23 04:06:53'),
(328, 38, 1001, 116, NULL, '2020-12-23 04:08:16', '2020-12-23 04:08:16'),
(329, 38, 1001, 116, NULL, '2020-12-23 06:27:39', '2020-12-23 06:27:39'),
(330, 38, 1001, 117, NULL, '2020-12-23 06:34:21', '2020-12-23 06:34:21'),
(331, 38, 1001, 116, NULL, '2020-12-23 06:34:57', '2020-12-23 06:34:57'),
(332, 38, 1001, 116, NULL, '2020-12-23 06:47:21', '2020-12-23 06:47:21'),
(333, 38, 1001, 116, NULL, '2020-12-23 06:49:14', '2020-12-23 06:49:14'),
(334, 38, 1001, 116, NULL, '2020-12-23 06:49:48', '2020-12-23 06:49:48'),
(335, 38, 1001, 119, NULL, '2020-12-23 06:50:25', '2020-12-23 06:50:25'),
(336, 38, 1001, 116, NULL, '2020-12-23 06:50:28', '2020-12-23 06:50:28'),
(337, 38, 1001, 116, NULL, '2020-12-23 06:50:34', '2020-12-23 06:50:34'),
(338, 38, 1001, 203, NULL, '2020-12-23 07:34:02', '2020-12-23 07:34:02'),
(339, 38, 1001, 202, NULL, '2020-12-23 07:34:03', '2020-12-23 07:34:03'),
(340, 38, 1001, 201, NULL, '2020-12-23 07:34:04', '2020-12-23 07:34:04'),
(341, 3, 1001, 116, NULL, '2020-12-23 08:05:46', '2020-12-23 08:05:46'),
(342, 3, 1001, 116, NULL, '2020-12-23 08:10:34', '2020-12-23 08:10:34'),
(343, 3, 1001, 116, NULL, '2020-12-23 08:17:57', '2020-12-23 08:17:57'),
(344, 3, 1001, 117, NULL, '2020-12-23 08:18:03', '2020-12-23 08:18:03'),
(345, 3, 1001, 117, NULL, '2020-12-23 08:18:14', '2020-12-23 08:18:14'),
(346, 3, 1001, 116, NULL, '2020-12-23 08:22:16', '2020-12-23 08:22:16'),
(347, 3, 1001, 119, NULL, '2020-12-23 08:22:19', '2020-12-23 08:22:19'),
(348, 3, 1001, 118, NULL, '2020-12-23 08:22:22', '2020-12-23 08:22:22'),
(349, 3, 1001, 119, NULL, '2020-12-23 08:22:25', '2020-12-23 08:22:25'),
(350, 3, 1001, 118, NULL, '2020-12-23 08:22:34', '2020-12-23 08:22:34'),
(351, 3, 1001, 119, NULL, '2020-12-23 08:22:37', '2020-12-23 08:22:37'),
(352, 3, 1001, 117, NULL, '2020-12-23 08:22:40', '2020-12-23 08:22:40'),
(353, 3, 1001, 116, NULL, '2020-12-23 08:42:08', '2020-12-23 08:42:08'),
(354, 3, 1001, 119, NULL, '2020-12-23 08:42:16', '2020-12-23 08:42:16'),
(355, 3, 1001, 116, NULL, '2020-12-23 10:46:51', '2020-12-23 10:46:51'),
(356, 3, 1001, 201, NULL, '2020-12-23 20:59:02', '2020-12-23 20:59:02'),
(357, 3, 1001, 116, NULL, '2020-12-23 21:00:49', '2020-12-23 21:00:49'),
(358, 3, 1001, 116, NULL, '2020-12-23 21:04:25', '2020-12-23 21:04:25'),
(359, 3, 1001, 119, NULL, '2020-12-23 21:04:55', '2020-12-23 21:04:55'),
(360, 3, 1001, 116, NULL, '2020-12-23 23:49:03', '2020-12-23 23:49:03'),
(361, 3, 1001, 117, NULL, '2020-12-23 23:49:05', '2020-12-23 23:49:05'),
(362, 3, 1001, 118, NULL, '2020-12-23 23:49:06', '2020-12-23 23:49:06'),
(363, 3, 1001, 116, NULL, '2020-12-23 23:49:08', '2020-12-23 23:49:08'),
(364, 3, 1001, 116, NULL, '2020-12-23 23:50:56', '2020-12-23 23:50:56'),
(365, 3, 1001, 117, NULL, '2020-12-23 23:50:57', '2020-12-23 23:50:57'),
(366, 3, 1001, 116, NULL, '2020-12-23 23:50:58', '2020-12-23 23:50:58'),
(367, 3, 1001, 117, NULL, '2020-12-23 23:51:02', '2020-12-23 23:51:02'),
(368, 3, 1001, 118, NULL, '2020-12-23 23:51:03', '2020-12-23 23:51:03'),
(369, 3, 1001, 202, NULL, '2020-12-24 06:54:00', '2020-12-24 06:54:00'),
(370, 3, 1001, 201, NULL, '2020-12-24 06:54:00', '2020-12-24 06:54:00'),
(371, 3, 1001, 207, NULL, '2020-12-24 06:54:01', '2020-12-24 06:54:01'),
(372, 3, 1001, 208, NULL, '2020-12-24 06:54:02', '2020-12-24 06:54:02'),
(373, 3, 1001, 116, NULL, '2020-12-25 20:27:44', '2020-12-25 20:27:44'),
(374, 3, 1001, 117, NULL, '2020-12-25 20:27:45', '2020-12-25 20:27:45'),
(375, 3, 1001, 118, NULL, '2020-12-25 20:27:47', '2020-12-25 20:27:47'),
(376, 3, 1001, 116, NULL, '2020-12-25 20:45:57', '2020-12-25 20:45:57'),
(377, 3, 1001, 117, NULL, '2020-12-25 20:45:58', '2020-12-25 20:45:58'),
(378, 3, 1001, 118, NULL, '2020-12-25 20:45:59', '2020-12-25 20:45:59'),
(379, 3, 1001, 150, NULL, '2020-12-25 20:48:36', '2020-12-25 20:48:36'),
(380, 3, 1001, 116, NULL, '2020-12-25 20:48:46', '2020-12-25 20:48:46'),
(381, 3, 1001, 117, NULL, '2020-12-25 20:48:50', '2020-12-25 20:48:50'),
(382, 3, 1001, 118, NULL, '2020-12-25 20:48:51', '2020-12-25 20:48:51'),
(383, 3, 1001, 116, NULL, '2020-12-25 20:48:56', '2020-12-25 20:48:56'),
(384, 3, 1001, 150, NULL, '2020-12-25 20:57:00', '2020-12-25 20:57:00'),
(385, 3, 1001, 116, NULL, '2020-12-28 02:39:03', '2020-12-28 02:39:03'),
(386, 3, 1001, 117, NULL, '2020-12-28 02:39:43', '2020-12-28 02:39:43'),
(387, 3, 1001, 118, NULL, '2020-12-28 02:39:45', '2020-12-28 02:39:45'),
(388, 3, 1001, 119, NULL, '2020-12-28 02:39:47', '2020-12-28 02:39:47');

-- --------------------------------------------------------

--
-- Cấu trúc bảng cho bảng `users`
--

DROP TABLE IF EXISTS `users`;
CREATE TABLE IF NOT EXISTS `users` (
  `id` int(20) UNSIGNED NOT NULL AUTO_INCREMENT,
  `name` varchar(255) COLLATE utf8mb4_unicode_ci NOT NULL,
  `email` varchar(255) COLLATE utf8mb4_unicode_ci NOT NULL,
  `phone` text COLLATE utf8mb4_unicode_ci NOT NULL,
  `password` varchar(255) COLLATE utf8mb4_unicode_ci DEFAULT NULL,
  `address` varchar(255) COLLATE utf8mb4_unicode_ci NOT NULL,
  `avartar` text COLLATE utf8mb4_unicode_ci DEFAULT NULL,
  `note` varchar(255) COLLATE utf8mb4_unicode_ci DEFAULT NULL,
  `remember_token` varchar(100) COLLATE utf8mb4_unicode_ci DEFAULT NULL,
  `created_at` timestamp NULL DEFAULT NULL,
  `updated_at` timestamp NULL DEFAULT NULL,
  PRIMARY KEY (`id`)
) ENGINE=MyISAM AUTO_INCREMENT=40 DEFAULT CHARSET=utf8mb4 COLLATE=utf8mb4_unicode_ci;

--
-- Đang đổ dữ liệu cho bảng `users`
--

INSERT INTO `users` (`id`, `name`, `email`, `phone`, `password`, `address`, `avartar`, `note`, `remember_token`, `created_at`, `updated_at`) VALUES
(4, 'Nam', 'nam@gmail.com', '0967723426', '$2y$10$UdiY3NlJPj.RzRw7Uj88X.lc.88bHXrpSYTQNoKNgbi2AZQqUJQTS', 'Ha Noi', NULL, NULL, NULL, '2020-11-02 20:55:35', '2020-11-02 20:55:35'),
(3, 'Nguyễn Tiến Đạt', 'nguyentiendat29799@gmail.com', '0967723426', '$2y$10$9/y/wzIdYbkw96zbVsOp0eN7kbsoWU9WwehrguHtygPY3b0W8ex4y', 'Phú Xuyên Hà Nội', NULL, NULL, NULL, '2020-11-02 17:33:10', '2020-11-02 17:33:10'),
(5, 'Hiểu', 'hieu@gmail.com', '0967723426', '$2y$10$HDuJTaYUua4T0Pmqtiqx9eZmflqSdYcQwwIQAg6OTASQ3De3Iuet6', 'Ha Noi', NULL, NULL, NULL, '2020-11-02 21:39:32', '2020-11-02 21:39:32'),
(6, 'Lê Thị Hằng Béo', 'hanglens0811@gmail.com', '0967723426', '$2y$10$l.8nP5H.Xt99mJFkBbHEq.77rAbABcRbKg4R/HTREWqMXNEjFNLgS', 'Hoàng Mai-Hà Nội', NULL, NULL, NULL, '2020-11-03 03:53:33', '2020-11-03 03:53:33'),
(7, 'Lê Thị Hằng Béo', 'hangxinh@gmail.com', '0967723426', '$2y$10$DLo37.Wjj5KDFnoJjUlQh.GfsEv7A6QSRW1HasI8zHH9abmELzwjq', 'Hoàng Mai-Hà Nội', NULL, NULL, NULL, '2020-11-04 00:53:01', '2020-11-04 00:53:01'),
(8, 'Lê Thị Hằng Béo', 'hangoc@gmail.com', '0967723426', '$2y$10$EF4SyYTKqeEe.Fi1jp3tee5.PyYH6cN2B5Xx303LadNgK6h29L.g6', 'Hoàng Mai-Hà Nội', NULL, NULL, NULL, '2020-11-04 00:54:56', '2020-11-04 00:54:56'),
(9, 'Minh', 'minh@gmail.com', '0967723426', '$2y$10$6f9DHcTpCgRgrX33YMueGO67g00lQunUIIMbjTQoO38iA3pYpYfVq', 'Hoàng Mai-Hà Nội', NULL, NULL, NULL, '2020-11-10 09:28:37', '2020-11-10 09:28:37'),
(10, 'Lê Thị Hằng', 'long.dinhgianglong@gmail.com', '0967723426', '$2y$10$XZ/WJx6RsEw5diPNKym3PORXJkpJGvsU/DKMhKGp3zHKowpusmzj2', 'Hoàng Mai-Hà Nội', NULL, NULL, NULL, '2020-11-12 21:18:00', '2020-11-12 21:18:00'),
(11, 'Tiến Đạt', 'a@gmail.com', '0967723426', '$2y$10$cW2.ZafJp/FeGZu5RuVfBetBcXKXR8e4NmfW2sOkYg/5K5GUsbHkO', 'Ha Noi', NULL, NULL, NULL, '2020-11-13 00:57:09', '2020-11-13 00:57:09'),
(12, 'Đức', 'duc@gmail.com', '0967723426', '$2y$10$6bdi3L8s14FeIp2zxpXqNO70gWn/.PEkzdG62KNTOEX44rPUYmfbO', 'Ha Noi', NULL, NULL, NULL, '2020-11-13 20:30:42', '2020-11-13 20:30:42'),
(13, 'Tiến Đạt', 'dat.nt173493@sis.hust.edu.vn', '0967723426', '$2y$10$NFT8Mk/SP4JsA.RDOt.7p.dJzW4HpuWZBv60bhM6nILqV5/5uy7Be', 'Hoàng Mai-Hà Nội', NULL, NULL, NULL, '2020-11-14 04:45:27', '2020-11-14 04:45:27'),
(14, 'Tùng', 'tung@gmail.com', '0967723426', '$2y$10$bY/1O3PWVrWnI/9R/GLtZuUhEdgScRStjB9ND4QvbEQDpzsuqWfV2', 'Hoàng Mai-Hà Nội', NULL, NULL, NULL, '2020-11-18 23:22:16', '2020-11-18 23:22:16'),
(15, 'Hiểu', 'duyet@gmail.com', '0967723426', '$2y$10$V9yKc8XhhT75baufLkCt/eYgrrke0tD9Z0kPGlbjQFax518AWkdFe', 'Ha Noi', NULL, NULL, NULL, '2020-11-25 08:29:40', '2020-11-25 08:29:40'),
(16, 'Tiến Đạt', 'cuong@gmail.com', '0967723426', '$2y$10$oqOD16swVurijMakfGVl5O02hmX3S0AUaYgS9THrkvioskh/a.Ebu', 'Ha Noi', NULL, NULL, NULL, '2020-11-27 20:24:59', '2020-11-27 20:24:59'),
(17, 'Hùng', 'hung@gmail.com', '0967723426', '$2y$10$LHT5KptVcEIowyKuunGvg.rmbyShQc4q2LigYrFVwjPZ/IN7WMjQm', 'Ha Noi', NULL, NULL, NULL, '2020-11-30 07:19:00', '2020-11-30 07:19:00'),
(18, 'Tiến Đạt', 'hanh@gmail.com', '0967723426', '$2y$10$NuVmO/WibOsYwvnzuEiTDOLsy6O27YZuZXlbuZsL3g1T.RDGQN1Bi', 'KTX B10 Bách Khoa Hà Nội', NULL, NULL, NULL, '2020-12-01 07:38:11', '2020-12-01 07:38:11'),
(19, 'An', 'an@gmail.com', '0967723426', '$2y$10$n.PHcX7Bj2PeQgMqMopMV.CDFWkUGTvvNAbmxq3pJvZoedRlVr.Wu', 'Hà Nội', NULL, NULL, NULL, '2020-12-02 01:39:52', '2020-12-02 01:39:52'),
(20, 'Thắng', 'ttthang@gmail.com', '0967723426', '$2y$10$K5eAr9Q5ibzTJbPlVwtckOhRjctGzmt7NFUEQHvGAvKFkFZIqBwh2', 'KTX B10 Bách Khoa Hà Nội', NULL, NULL, NULL, '2020-12-03 21:29:20', '2020-12-03 21:29:20'),
(21, 'Thủy', 'thuy@gmail.com', '0967723426', '$2y$10$EkNOqSUeyCOzQkaOwd3Weerrd1hf65Dxq1jQyJiUj2wz8UMgFPugW', 'Hai Bà Trưng - Hà Nội', NULL, NULL, NULL, '2020-12-04 00:49:12', '2020-12-04 00:49:12'),
(22, 'Lê Thị Hằng', 'hanghust@gmail.com', '0967723426', '$2y$10$ilC1S.z2nuE/7pFW5UCvle4GP5L4rdECGPg.0Om7VnQ7I4OCX0St.', 'Khu đô thị Linh Đàm - Hoàng Mai- Hà Nội', NULL, NULL, NULL, '2020-12-04 02:44:01', '2020-12-04 02:44:01'),
(23, 'aaaaa', 'gg@gmail.com', '0967723426', '$2y$10$vMzKgc.IHkc05PVU5CI0z.uJF6jAezshD/ERT1o0OEr3Me4LHSo1m', 'Hai Bà Trưng - Hà Nội', NULL, NULL, NULL, '2020-12-04 20:26:31', '2020-12-04 20:26:31'),
(24, 'Nam', 'aaa@gmail.com', '0967723426', '$2y$10$iVsM7/HPSq0oRpy5MSgZN.xEA0haiEe7Fvg0qt8bv9ZKyqpaW5UxG', 'Khu đô thị Linh Đàm - Hoàng Mai- Hà Nội', NULL, NULL, NULL, '2020-12-04 20:36:55', '2020-12-04 20:36:55'),
(25, 'Thắng', 'thanghh@gmail.com', '0967723426', '$2y$10$90gkhPjTexRW0req1rS0H.UwpV/5zwCd3OmXL.Jkrke5Ys68Ube42', 'Khu đô thị Linh Đàm - Hoàng Mai- Hà Nội', NULL, NULL, NULL, '2020-12-09 09:25:11', '2020-12-09 09:25:11'),
(26, 'Thảo', 'thaott@gmai.com', '0967723426', '$2y$10$2m054nGRgsLdkpQ8RX18lOEEXfbsLzWYzZzUkxE6HRD.vm9eV.CSe', 'Khu đô thị Linh Đàm - Hoàng Mai- Hà Nội', NULL, NULL, NULL, '2020-12-09 09:25:55', '2020-12-09 09:25:55'),
(27, 'Toàn', 'ttoan@gmail.com', '03657895625', '$2y$10$FoElUrZV8PErHTbYVolV.OaoDQOPNiO/oSCi1iLIuw.AlD4s/DdE6', 'Hai Bà Trưng - Hà Nội', NULL, NULL, NULL, '2020-12-10 10:29:26', '2020-12-10 10:29:26'),
(28, 'Hậu', 'hau@gmail.com', '0967723426', '$2y$10$JOzbUZngivB2NiGR6K2juOQCjizZodLBdHJ9UuIrE1hd1nmHRZjXu', 'Khu đô thị Linh Đàm - Hoàng Mai- Hà Nội', NULL, NULL, NULL, '2020-12-11 00:05:35', '2020-12-11 00:05:35'),
(29, 'Nguyễn Văn Thắng', 'thangaaa@gmail.com', '03657895625', '$2y$10$BAqnajqxBvNqvz.l/Gnk4uoyJhPJT/QGiqDfi4lKveUU9nfqxa/Oi', 'Khu đô thị Linh Đàm - Hoàng Mai- Hà Nội', NULL, NULL, NULL, '2020-12-11 00:49:13', '2020-12-11 00:49:13'),
(30, 'Hoàng Kiên', 'kienaa@gmail.com', '0967723426', '$2y$10$i8mRbaNlowYGzq/8ZRO3xuPVCaMP.dsHDYAGz6lmb233spXFcJ8yW', 'Khu đô thị Linh Đàm - Hoàng Mai- Hà Nội', NULL, NULL, NULL, '2020-12-15 05:33:13', '2020-12-15 05:33:13'),
(31, 'Lê Nam', 'lenam@gmail.com', '0967723426', '$2y$10$t3GmBixwID6FuJTiFTMRs.hD1V1/LCjTS9MUxnQYBwWS62ZbaZ96K', 'Khu đô thị Linh Đàm - Hoàng Mai- Hà Nội', NULL, NULL, NULL, '2020-12-16 00:49:18', '2020-12-16 00:49:18'),
(32, 'Lê Thanh Thản', 'than@gmail.com', '0967723426', '$2y$10$fKmjlRqq5JHEEKeW10qKT.iBFS0KKsPQYMmjIRTagvTZ7zp6Fibou', 'Khu đô thị Linh Đàm - Hoàng Mai- Hà Nội', NULL, NULL, NULL, '2020-12-16 02:08:37', '2020-12-16 02:08:37'),
(33, 'Lê Thị Hằng', 'hanghaiduong@gmail.com', '03245879641', '$2y$10$Pb1ZzK9Qbc.nOXyl8BuiEe/tIiLFwK.55l9I4cTZpWQaN8Of1MnbK', 'Khu đô thị Linh Đàm - Hoàng Mai- Hà Nội', NULL, NULL, NULL, '2020-12-17 00:46:16', '2020-12-17 00:46:16'),
(34, 'Công Minh', 'congminh@gmail.com', '0254789252', '$2y$10$/4.rJaAo7M731EGIqSvOtO5gxEsLKAUc.zNQ4jgPJZYaO/YR201ae', 'Đông anh hà nội', NULL, NULL, NULL, '2020-12-17 08:05:43', '2020-12-17 08:05:43'),
(35, 'nam', 'namskymap@gmail.com', '02458796456', '$2y$10$mtQbTAkYFw7QQo5jxtE8m.7vSoj1dy6x4TDjfRC9/71EbV1aY5aKS', 'Hai Bà Trưng - Hà Nội', NULL, NULL, NULL, '2020-12-18 20:31:15', '2020-12-18 20:31:15'),
(36, 'Nguyễn Thị Trang', 'trang99@gmail.com', '0265874135', '$2y$10$V3PaXI6G7JXTd7jzlg4Q.u5UNGaiqsCa99AjdRgulcRYSzSoCniIq', 'Phú Xuyên Hà Nội', NULL, NULL, NULL, '2020-12-19 22:29:52', '2020-12-19 22:29:52'),
(37, 'Hùng', 'hungphk63bkhn@gmail.com', '0943384956', '$2y$10$v0H/kFkt03th1Zr2TC4O6.92ylnQLuGoHYc4Z23hs0e8rnz9ZW/Tq', 'Khu đô thị Linh Đàm - Hoàng Mai- Hà Nội', NULL, NULL, NULL, '2020-12-22 05:23:34', '2020-12-22 05:23:34'),
(38, 'Lê Thị Hằng', 'hang1999@gmail.com', '02458796456', '$2y$10$yiGYV9HlYoo0qU5radCWh.ZdkRGmcB9QdxDPa2jMeNj4ujJXtmLPO', 'Khu đô thị Linh Đàm - Hoàng Mai- Hà Nội', NULL, NULL, NULL, '2020-12-23 04:02:00', '2020-12-23 04:02:00'),
(39, 'Nguyễn Bin', 'bin@gmail.com', '0178954622', '$2y$10$UGTTsvt0KD5LMHsKNRdfeuP2IZfKd4qpddSwR5EWsa/Owr9/SAopq', 'Khu đô thị Linh Đàm - Hoàng Mai- Hà Nội', NULL, NULL, NULL, '2020-12-23 21:49:58', '2020-12-23 21:49:58');

--
-- Chỉ mục cho các bảng đã đổ
--

--
-- Chỉ mục cho bảng `baihoc`
--
ALTER TABLE `baihoc` ADD FULLTEXT KEY `chapter_id` (`chapter_id`);
COMMIT;

/*!40101 SET CHARACTER_SET_CLIENT=@OLD_CHARACTER_SET_CLIENT */;
/*!40101 SET CHARACTER_SET_RESULTS=@OLD_CHARACTER_SET_RESULTS */;
/*!40101 SET COLLATION_CONNECTION=@OLD_COLLATION_CONNECTION */;
